dia,obito,tmin_3h,tmin,temp,tmax_3h,tmax,amplitude_t_3h,amplitude_t,urmin,umidade,urmax,prec,pressao,ventodir,ventovel,wind_chill,heat_index,indice_amplitude_up,indice_amplitude_down,dia
1,6.0,24.0,21.17,26.53,30.05,30.75,6.05,9.58,59.37,71.74,81.79,2.78,1010.65,15.6,8.45,82.58,83.84,98.12,0.01,1.0
2,6.0,23.82,21.26,26.2,29.2,30.56,5.39,9.3,59.55,71.25,80.4,3.83,1010.78,14.95,8.26,81.86,82.83,94.88,0.02,2.0
3,6.95,22.82,20.18,25.68,29.4,30.06,6.59,9.87,59.55,72.0,81.6,4.91,1011.68,14.33,7.77,80.6,81.33,108.15,0.02,3.0
4,7.3,22.94,20.38,25.92,29.67,30.6,6.74,10.23,56.4,71.37,83.55,5.58,1011.9,16.02,6.66,81.41,81.55,114.02,0.01,4.0
5,5.67,23.51,20.47,26.42,30.36,31.16,6.85,10.69,57.52,69.95,80.19,4.36,1011.21,16.09,7.39,82.5,82.45,121.64,0.01,5.0
6,6.81,24.02,20.94,27.05,31.04,31.99,7.02,11.05,53.95,68.87,81.24,3.48,1010.62,18.71,7.3,83.94,84.32,131.31,0.01,6.0
7,7.05,24.48,20.77,27.1,30.72,31.75,6.24,10.98,54.43,67.59,77.67,1.96,1011.39,18.14,7.42,84.03,84.6,130.41,0.01,7.0
8,7.05,24.35,21.24,27.26,31.11,31.82,6.76,10.58,53.86,66.9,77.19,4.79,1011.93,15.17,7.88,84.37,84.58,120.87,0.01,8.0
9,5.71,24.43,21.53,27.52,31.51,32.51,7.08,10.98,57.33,69.81,80.62,1.68,1012.31,16.4,8.36,84.97,85.48,130.72,0.01,9.0
10,5.9,24.65,22.08,27.38,30.8,32.2,6.15,10.12,60.81,73.08,84.43,4.82,1011.58,16.44,8.07,84.74,85.63,111.92,0.02,10.0
11,5.71,24.08,21.93,26.94,30.61,31.84,6.53,9.91,59.81,73.0,84.38,6.9,1011.77,16.84,7.36,83.67,84.35,103.62,0.01,11.0
12,6.48,24.35,21.5,26.81,30.3,31.29,5.94,9.79,57.52,70.79,81.86,2.12,1012.06,15.97,6.69,83.43,83.68,100.96,0.01,12.0
13,6.81,23.94,20.97,26.55,29.95,30.83,6.01,9.87,58.29,70.68,80.81,3.95,1012.35,15.02,8.08,82.68,82.81,109.45,0.02,13.0
14,5.95,23.78,21.1,26.55,30.17,31.07,6.39,9.98,58.65,70.32,80.05,3.89,1012.12,16.68,7.96,82.68,82.74,108.82,0.02,14.0
15,7.1,23.79,21.45,26.64,30.46,31.32,6.67,9.88,55.85,70.1,81.85,4.12,1011.76,18.35,7.56,82.99,83.23,107.01,0.02,15.0
16,8.05,24.34,21.07,26.91,30.29,31.64,5.94,10.57,54.9,67.75,78.71,3.45,1011.18,17.65,8.16,83.52,84.24,118.61,0.01,16.0
17,5.76,23.08,20.21,26.13,30.07,30.89,6.99,10.68,58.67,71.81,82.48,6.72,1011.78,18.32,7.84,81.88,82.15,124.19,0.01,17.0
18,5.81,23.78,20.87,26.18,29.45,30.49,5.67,9.62,60.38,71.62,80.52,3.59,1012.42,15.05,8.54,82.03,82.12,106.34,0.02,18.0
19,6.38,23.28,20.24,26.05,29.91,30.63,6.63,10.39,59.81,72.32,82.52,7.81,1012.79,15.94,7.34,81.61,80.98,121.24,0.02,19.0
20,5.67,23.5,20.5,26.27,30.18,31.0,6.68,10.5,54.71,68.86,80.29,3.16,1012.78,16.28,8.42,82.02,82.05,118.51,0.01,20.0
21,5.57,23.68,20.4,25.9,28.93,30.06,5.26,9.66,58.19,69.27,77.24,1.89,1014.04,13.87,8.06,81.28,81.39,99.49,0.01,21.0
22,5.1,23.33,20.61,26.15,29.75,30.79,6.42,10.18,57.67,70.7,82.1,3.44,1014.03,13.62,7.62,81.87,81.78,117.62,0.03,22.0
23,7.0,24.23,21.18,27.05,30.69,31.53,6.46,10.36,56.95,68.98,78.62,5.27,1013.01,16.72,8.75,83.85,83.92,118.24,0.02,23.0
24,6.86,25.0,21.74,27.81,31.86,32.7,6.86,10.96,54.71,67.65,78.57,0.5,1011.93,17.97,7.96,85.73,86.6,125.53,0.01,24.0
25,8.05,24.03,21.05,26.83,30.88,31.59,6.85,10.54,55.19,70.22,82.62,6.28,1011.18,18.22,7.19,83.52,83.87,118.23,0.01,25.0
26,6.86,23.77,20.73,26.18,29.4,30.43,5.62,9.7,58.43,70.0,80.0,1.11,1012.34,17.57,8.25,81.8,82.62,100.03,0.01,26.0
27,6.65,23.47,20.62,26.18,29.86,30.9,6.39,10.28,57.85,70.03,80.05,5.54,1013.15,17.17,7.82,81.9,82.65,114.64,0.01,27.0
28,5.95,24.23,21.26,26.81,30.38,31.53,6.15,10.26,58.55,69.35,77.9,1.1,1012.66,16.3,7.92,83.34,83.97,111.06,0.01,28.0
29,5.38,24.39,21.64,27.16,31.04,32.11,6.65,10.47,56.86,70.94,81.81,2.92,1011.77,17.06,6.86,84.18,84.76,119.78,0.01,29.0
30,6.48,24.71,21.18,27.7,31.87,32.82,7.16,11.64,53.1,68.0,79.71,5.35,1011.4,16.89,6.71,85.49,86.03,144.24,0.01,30.0
31,6.74,24.36,21.57,27.24,30.97,31.67,6.61,10.1,59.05,70.74,80.11,4.52,1011.3,16.14,7.41,84.31,84.78,115.46,0.02,31.0
32,6.15,23.92,21.38,26.41,29.74,31.16,5.82,9.77,63.65,75.25,85.75,3.23,1011.87,15.25,7.23,82.52,82.63,101.55,0.01,32.0
33,6.19,23.85,21.03,26.76,30.66,31.47,6.8,10.44,59.33,71.59,82.52,3.29,1012.51,17.32,7.55,83.33,84.22,116.89,0.01,33.0
34,6.43,24.44,21.39,26.93,30.51,31.55,6.08,10.17,57.14,71.16,81.76,1.95,1012.49,16.83,7.65,83.69,84.91,113.09,0.01,34.0
35,6.45,24.08,21.26,27.04,31.01,32.07,6.94,10.8,56.05,69.5,80.4,5.72,1012.17,16.33,6.9,83.98,84.99,125.38,0.01,35.0
36,6.71,24.1,21.47,26.87,30.57,31.86,6.46,10.39,57.57,69.87,80.05,3.27,1011.78,16.98,8.07,83.52,84.91,116.43,0.01,36.0
37,7.24,24.11,21.48,26.81,30.54,31.37,6.43,9.89,56.67,69.46,80.14,2.34,1012.12,17.44,7.67,83.42,83.95,105.41,0.01,37.0
38,7.57,24.07,21.2,26.91,30.82,31.66,6.76,10.46,53.86,67.52,77.57,0.27,1012.21,18.95,7.96,83.58,84.86,115.26,0.01,38.0
39,7.3,24.13,20.6,26.91,30.99,31.74,6.86,11.14,54.5,67.28,78.5,3.59,1012.56,16.88,8.1,83.55,84.0,131.19,0.01,39.0
40,6.81,23.61,21.0,26.63,30.63,31.88,7.02,10.88,57.38,70.79,81.29,5.13,1011.99,17.45,6.88,82.98,83.03,129.05,0.01,40.0
41,7.0,24.05,21.26,26.9,30.83,31.67,6.78,10.4,57.48,71.27,82.76,3.73,1011.81,15.24,7.05,83.65,84.15,114.83,0.01,41.0
42,6.81,23.37,21.04,25.92,29.16,30.11,5.79,9.07,60.05,73.38,84.52,6.95,1011.93,17.11,7.06,81.35,81.28,92.44,0.02,42.0
43,6.9,23.49,20.89,25.84,29.24,30.27,5.75,9.38,60.1,73.25,82.71,2.01,1012.13,18.81,6.91,81.18,81.46,94.63,0.02,43.0
44,5.95,23.4,20.29,25.71,29.1,30.16,5.71,9.87,60.86,72.45,81.43,2.6,1012.57,15.46,7.45,80.86,81.04,104.27,0.01,44.0
45,5.45,23.1,20.24,25.62,29.2,29.97,6.1,9.72,56.7,71.53,83.65,5.98,1013.1,17.55,6.8,80.7,80.49,101.55,0.01,45.0
46,4.95,23.16,20.38,25.71,29.53,30.48,6.37,10.11,55.63,69.47,79.84,4.87,1013.45,15.93,7.77,80.85,80.8,110.82,0.02,46.0
47,7.85,23.74,21.08,26.2,29.81,30.88,6.07,9.81,58.1,71.35,81.25,1.69,1013.02,16.12,7.38,81.99,81.89,107.8,0.02,47.0
48,5.7,23.97,20.94,26.64,30.48,31.38,6.51,10.43,56.75,70.33,80.9,0.67,1012.43,17.82,8.34,82.95,83.52,112.44,0.01,48.0
49,6.29,24.06,21.4,26.85,30.55,31.41,6.5,10.01,54.81,69.17,80.76,1.8,1012.68,18.76,8.18,83.47,84.05,102.93,0.01,49.0
50,6.63,24.28,21.05,26.83,30.45,31.41,6.17,10.35,56.53,69.02,79.26,1.39,1012.2,15.89,7.66,83.49,83.99,112.01,0.01,50.0
51,7.0,23.77,21.7,26.09,29.34,30.17,5.58,8.47,62.19,75.22,85.0,6.01,1012.17,17.09,7.16,81.79,81.72,81.49,0.03,51.0
52,6.14,23.89,21.34,26.39,29.93,31.0,6.04,9.67,57.76,72.21,83.43,4.62,1012.62,19.02,7.9,82.42,83.3,97.55,0.01,52.0
53,6.1,23.52,20.87,25.86,29.23,30.26,5.7,9.39,59.81,73.14,82.95,5.71,1012.78,15.87,6.26,81.29,82.15,93.23,0.01,53.0
54,5.43,23.78,21.02,26.13,29.61,30.47,5.83,9.45,60.9,74.3,83.05,4.84,1012.88,17.11,6.16,81.94,82.31,93.16,0.01,54.0
55,6.71,23.44,20.66,26.01,29.77,30.67,6.32,10.01,59.48,73.92,85.1,5.7,1012.35,15.78,7.06,81.58,81.91,106.56,0.01,55.0
56,5.81,23.35,20.79,25.71,29.0,29.97,5.65,9.18,62.9,74.87,83.19,2.42,1012.4,16.73,7.75,80.8,81.39,93.23,0.02,56.0
57,6.1,23.3,20.6,25.73,29.19,29.91,5.9,9.31,60.67,74.89,86.1,7.57,1012.35,16.4,6.9,81.25,81.42,96.83,0.02,57.0
58,6.9,23.07,19.97,25.64,29.41,30.52,6.34,10.55,58.0,71.68,82.14,1.75,1012.71,16.38,7.27,80.66,80.87,118.74,0.01,58.0
59,5.52,23.26,19.96,25.79,29.71,30.64,6.45,10.68,55.71,69.94,80.57,1.78,1013.07,16.89,7.97,80.97,81.2,118.86,0.01,59.0
60,6.67,23.06,20.2,25.75,29.9,30.5,6.84,10.3,54.9,71.38,81.86,3.6,1013.28,17.7,7.08,80.96,81.13,115.4,0.02,60.0
61,5.9,22.99,20.28,25.49,29.06,30.02,6.07,9.74,57.8,71.4,82.8,6.2,1013.47,18.03,7.93,80.31,80.21,101.82,0.02,61.0
62,6.75,23.51,20.77,26.06,29.74,30.32,6.22,9.54,59.5,71.95,81.35,0.78,1013.78,14.98,7.41,81.69,81.68,98.29,0.01,62.0
63,6.67,23.23,20.79,26.03,29.86,30.85,6.62,10.06,59.48,73.14,83.14,5.58,1013.15,15.91,7.57,81.54,81.56,108.5,0.01,63.0
64,5.52,23.14,20.44,25.62,28.77,29.89,5.63,9.45,62.29,74.22,84.29,5.49,1012.59,18.57,7.73,80.59,80.86,100.52,0.02,64.0
65,6.1,22.88,20.37,25.6,29.69,30.48,6.81,10.11,56.57,72.95,84.24,1.66,1013.37,17.29,5.96,80.71,80.91,107.34,0.01,65.0
66,5.24,23.28,20.02,26.2,30.64,31.23,7.37,11.21,54.57,71.03,83.71,2.76,1013.31,14.49,5.82,82.12,82.26,132.35,0.01,66.0
67,5.67,23.5,20.64,26.47,30.92,31.52,7.43,10.88,55.71,71.16,82.95,1.78,1012.94,18.22,6.4,82.64,82.76,127.84,0.01,67.0
68,6.33,23.55,21.23,26.14,29.88,30.54,6.33,9.3,61.67,74.46,85.24,3.35,1012.62,14.62,6.79,81.87,81.82,94.82,0.02,68.0
69,6.25,23.9,21.54,26.11,29.38,30.12,5.48,8.57,61.15,74.52,84.15,6.47,1012.53,17.85,7.0,81.72,81.7,85.39,0.03,69.0
70,6.71,23.41,20.62,25.55,28.67,29.66,5.26,9.04,60.76,74.41,84.19,4.22,1012.57,16.32,6.77,80.52,80.16,91.46,0.02,70.0
71,6.86,22.9,20.07,24.79,27.48,28.31,4.58,8.24,62.33,74.44,83.43,5.63,1012.52,17.84,6.82,78.8,78.5,77.27,0.03,71.0
72,6.55,22.06,19.85,24.5,28.08,28.94,6.02,9.09,59.0,73.88,85.75,4.46,1012.41,18.37,6.46,78.14,78.35,95.81,0.02,72.0
73,6.3,22.44,19.66,25.06,29.03,29.74,6.6,10.07,56.4,71.8,82.15,0.63,1012.59,15.68,6.53,79.44,79.85,109.53,0.01,73.0
74,7.37,22.24,20.14,24.9,28.52,29.38,6.27,9.24,62.63,76.3,87.79,6.66,1013.13,17.12,6.43,79.0,78.97,99.9,0.02,74.0
75,6.68,22.67,19.8,24.99,28.43,29.11,5.76,9.31,59.58,73.91,83.58,1.37,1014.63,13.83,6.29,79.24,79.67,97.16,0.02,75.0
76,6.35,21.48,18.82,24.32,28.3,29.22,6.82,10.4,59.9,74.28,85.45,3.57,1014.62,16.3,7.01,77.61,77.9,121.39,0.02,76.0
77,5.5,22.16,19.27,24.7,28.43,29.11,6.26,9.83,59.85,74.2,84.55,2.34,1014.68,16.52,7.39,78.48,78.86,106.27,0.02,77.0
78,6.58,21.55,19.21,24.23,27.85,28.43,6.31,9.22,63.16,75.02,85.21,2.78,1014.86,13.58,6.74,77.49,77.19,96.51,0.02,78.0
79,5.25,21.41,19.4,23.83,27.2,28.08,5.79,8.68,62.75,76.57,86.7,9.95,1014.01,14.63,7.71,76.42,76.38,86.57,0.02,79.0
80,7.1,21.54,19.09,23.9,27.3,28.16,5.76,9.07,61.75,75.22,85.4,1.68,1014.38,18.28,6.72,76.67,76.8,91.38,0.02,80.0
81,5.65,20.88,17.9,23.61,27.42,27.96,6.54,10.06,59.95,73.68,83.65,2.7,1015.01,14.63,6.21,76.17,76.82,111.09,0.01,81.0
82,6.76,21.4,18.85,23.63,27.14,28.23,5.74,9.38,61.29,74.64,85.1,3.5,1015.15,16.78,5.89,76.29,76.78,100.37,0.02,82.0
83,6.52,21.54,19.0,23.88,27.19,27.95,5.65,8.95,63.19,76.06,84.9,2.24,1015.35,17.21,7.79,76.56,76.69,89.38,0.02,83.0
84,6.2,21.34,18.74,23.58,26.74,27.49,5.4,8.76,61.45,74.42,84.5,2.53,1016.05,13.58,6.95,75.95,75.76,85.62,0.02,84.0
85,5.84,20.97,18.77,23.3,26.62,27.66,5.65,8.88,63.84,75.81,85.16,3.47,1015.9,16.96,7.96,75.16,75.33,86.7,0.02,85.0
86,6.75,21.22,18.71,23.44,27.06,28.36,5.84,9.65,63.4,76.72,84.85,3.3,1015.99,16.55,6.86,75.7,75.31,103.48,0.02,86.0
87,6.19,21.79,19.35,24.14,27.54,28.41,5.75,9.06,62.57,75.98,85.62,2.6,1015.78,16.05,6.94,77.19,77.09,91.08,0.02,87.0
88,6.25,21.54,19.28,24.12,28.01,28.62,6.47,9.34,58.0,73.62,84.75,2.25,1015.2,16.92,8.03,76.98,78.18,97.0,0.02,88.0
89,6.95,21.7,18.96,24.32,28.41,29.32,6.7,10.36,57.55,72.9,84.35,3.76,1014.59,15.28,4.94,78.02,78.59,114.69,0.01,89.0
90,5.76,21.3,18.63,23.65,26.94,27.83,5.63,9.2,62.24,75.14,85.62,2.9,1015.95,15.38,6.26,76.43,76.9,97.5,0.02,90.0
91,5.2,20.76,18.39,23.16,26.84,27.76,6.08,9.38,63.0,76.87,87.05,6.88,1016.81,15.1,6.57,75.06,75.51,96.54,0.02,91.0
92,6.7,21.36,18.8,23.89,27.78,28.56,6.41,9.76,61.2,75.58,85.2,1.4,1015.88,15.43,7.07,76.72,77.2,104.25,0.02,92.0
93,6.43,21.3,18.86,23.94,27.95,28.75,6.64,9.89,60.43,76.33,86.76,1.3,1014.86,17.49,6.13,77.08,76.76,110.66,0.02,93.0
94,6.57,21.09,18.62,23.79,27.7,28.41,6.6,9.79,61.05,75.02,85.86,7.14,1013.93,16.87,5.98,76.63,76.57,103.31,0.01,94.0
95,6.5,20.85,18.48,23.21,26.9,27.54,6.05,9.07,59.5,75.48,87.25,5.54,1014.54,18.22,6.82,75.19,75.2,94.16,0.02,95.0
96,6.38,20.62,18.26,23.46,27.59,28.14,6.97,9.88,58.38,73.71,85.33,1.19,1015.5,18.32,6.06,75.88,76.23,106.15,0.02,96.0
97,7.0,20.56,18.37,23.46,27.7,28.43,7.14,10.07,59.33,75.22,86.86,0.76,1015.14,16.57,5.83,75.98,76.57,109.09,0.01,97.0
98,6.62,20.6,18.09,23.34,27.43,28.1,6.83,10.01,55.57,73.03,85.52,1.88,1015.11,16.27,6.41,75.48,76.42,109.21,0.02,98.0
99,5.76,20.64,18.08,23.07,26.98,27.56,6.33,9.48,58.86,74.59,85.67,1.61,1016.02,17.29,6.04,74.91,75.75,101.73,0.02,99.0
100,6.62,20.85,18.09,23.45,27.47,28.27,6.62,10.18,60.1,73.9,84.05,0.57,1015.78,14.63,5.68,76.19,76.24,112.34,0.01,100.0
101,6.57,20.77,18.41,23.22,26.69,28.0,5.92,9.58,58.1,73.7,85.1,3.13,1014.08,19.27,6.97,75.1,76.47,106.42,0.02,101.0
102,7.1,20.41,18.29,22.67,25.7,26.3,5.3,8.01,62.29,76.29,86.43,6.3,1014.42,18.67,6.43,74.03,74.66,77.08,0.03,102.0
103,6.86,19.5,17.46,21.99,25.75,26.31,6.25,8.85,61.14,75.29,85.67,1.0,1016.81,15.32,5.92,72.56,74.24,94.21,0.04,103.0
104,6.1,19.62,17.21,22.19,26.04,26.71,6.42,9.5,61.76,75.03,83.81,5.71,1016.85,14.37,6.08,72.95,74.5,101.45,0.02,104.0
105,6.81,19.5,17.33,21.71,24.89,25.5,5.4,8.17,64.57,76.63,86.38,3.18,1016.55,18.35,6.28,71.79,74.06,76.63,0.02,105.0
106,7.19,18.91,16.69,21.58,25.42,25.97,6.51,9.28,59.29,74.05,85.19,4.14,1017.28,17.78,7.23,71.31,75.03,98.01,0.02,106.0
107,6.62,19.0,16.37,22.13,26.88,27.41,7.88,11.04,56.38,73.76,86.67,1.03,1017.53,18.05,6.63,72.85,75.87,129.23,0.01,107.0
108,6.14,19.8,17.4,22.52,26.55,27.41,6.75,10.01,60.0,76.43,88.0,1.61,1017.29,16.56,5.11,74.1,74.98,110.73,0.01,108.0
109,7.14,19.89,17.09,22.43,26.3,27.04,6.41,9.95,60.67,75.51,86.05,1.35,1016.93,14.87,5.42,73.69,74.43,115.18,0.03,109.0
110,6.38,19.79,17.21,22.39,26.46,27.1,6.67,9.88,59.67,75.83,87.81,3.6,1015.98,16.86,5.61,73.91,74.46,108.26,0.02,110.0
111,5.57,19.1,16.43,21.89,25.76,26.39,6.66,9.96,60.0,76.24,88.0,2.62,1015.85,14.67,5.74,72.4,73.93,111.46,0.02,111.0
112,6.48,18.66,16.53,21.54,25.69,26.58,7.03,10.05,60.57,77.03,88.57,1.06,1015.95,16.17,5.7,71.55,73.23,113.19,0.02,112.0
113,6.05,19.1,16.65,21.73,25.63,26.3,6.54,9.64,60.81,74.44,85.29,4.79,1016.41,16.19,5.63,71.98,73.91,103.3,0.02,113.0
114,6.43,18.72,16.26,21.21,24.95,25.77,6.23,9.51,64.33,78.65,88.19,3.74,1016.55,16.29,5.6,71.04,72.64,101.99,0.02,114.0
115,6.14,18.48,16.77,20.83,24.35,25.18,5.87,8.41,66.62,80.06,90.48,3.34,1015.67,14.89,5.02,70.15,71.89,85.8,0.05,115.0
116,6.14,17.96,15.83,20.2,23.64,24.37,5.68,8.54,68.29,80.62,90.48,10.8,1015.63,16.87,5.49,68.61,71.23,87.21,0.03,116.0
117,5.55,17.29,15.15,19.92,23.51,24.07,6.22,8.92,62.6,78.05,89.6,6.12,1017.09,16.57,5.88,67.97,72.78,89.84,0.03,117.0
118,6.24,16.41,14.04,19.43,24.0,24.7,7.59,10.66,59.33,77.0,89.9,2.55,1018.33,17.13,5.48,66.98,73.31,124.77,0.01,118.0
119,6.9,16.71,14.23,19.61,23.93,24.67,7.22,10.44,61.52,78.08,90.24,2.81,1018.07,14.79,5.02,67.51,72.46,122.1,0.03,119.0
120,6.24,17.17,14.61,19.54,22.82,23.31,5.65,8.7,64.67,78.78,90.19,2.99,1017.36,15.97,5.26,67.28,72.17,91.04,0.02,120.0
121,6.35,15.86,13.76,18.65,22.4,23.11,6.53,9.35,59.0,76.17,89.65,2.4,1017.76,16.77,6.25,65.22,73.11,98.68,0.02,121.0
122,6.15,15.68,13.68,18.6,22.9,23.4,7.22,9.72,61.05,76.9,87.45,2.02,1018.1,19.05,6.73,64.97,73.36,111.98,0.03,122.0
123,6.62,16.7,14.78,19.59,23.88,24.4,7.18,9.62,64.0,80.05,91.95,2.2,1017.4,15.52,5.71,67.04,71.41,106.88,0.03,123.0
124,6.3,17.56,15.61,20.06,23.5,24.24,5.94,8.64,66.05,80.83,91.2,12.72,1016.94,14.57,5.76,68.41,70.62,89.34,0.03,124.0
125,7.15,17.12,14.88,19.73,23.54,24.01,6.42,9.14,63.75,80.02,91.15,3.76,1017.87,16.27,5.56,67.63,71.47,94.39,0.03,125.0
126,6.43,16.81,15.28,19.06,22.19,22.9,5.37,7.62,68.24,81.54,91.48,2.7,1017.78,16.78,5.85,65.96,70.57,65.52,0.03,126.0
127,6.55,15.94,14.3,18.32,21.48,22.26,5.54,7.97,66.5,80.28,90.4,3.14,1019.8,14.43,6.56,64.15,71.27,73.62,0.03,127.0
128,6.6,15.28,13.54,17.82,21.37,22.02,6.09,8.48,65.7,80.17,90.15,2.09,1020.05,15.93,5.44,63.38,71.49,84.1,0.03,128.0
129,7.67,15.51,13.71,18.36,22.59,23.14,7.07,9.43,63.95,80.36,91.57,4.0,1020.45,14.54,5.49,64.47,71.23,99.59,0.02,129.0
130,8.67,15.91,14.28,18.85,23.15,23.9,7.24,9.62,63.29,81.24,93.76,3.08,1019.17,13.91,4.6,65.98,70.08,110.0,0.02,130.0
131,6.76,16.4,14.55,19.03,22.83,23.55,6.43,9.0,66.76,81.03,90.33,4.05,1018.01,14.89,4.98,66.26,69.77,100.56,0.03,131.0
132,6.6,16.66,14.67,19.19,22.49,23.16,5.83,8.49,65.4,80.02,90.3,2.28,1017.98,14.0,6.5,66.07,70.22,84.16,0.02,132.0
133,7.2,16.17,14.79,18.56,22.03,22.7,5.86,7.92,68.55,83.58,93.95,5.44,1018.21,11.14,5.1,65.02,69.67,71.33,0.03,133.0
134,6.95,15.42,13.78,18.36,22.52,23.24,7.1,9.46,68.67,82.49,93.0,3.08,1017.78,14.84,4.85,65.24,69.85,101.13,0.02,134.0
135,7.9,15.75,14.07,18.48,22.1,23.0,6.35,8.93,69.05,83.03,92.81,2.64,1017.65,14.84,5.5,64.68,69.81,90.23,0.02,135.0
136,7.67,14.77,13.5,17.38,20.58,21.14,5.81,7.65,64.52,81.0,93.14,8.36,1018.11,17.03,6.35,62.01,71.61,67.12,0.03,136.0
137,7.43,13.98,12.28,17.01,21.35,21.89,7.37,9.61,61.86,78.3,89.86,0.4,1018.79,17.1,5.56,61.47,73.83,103.15,0.02,137.0
138,6.52,14.72,13.4,17.35,21.06,21.65,6.33,8.25,64.57,80.44,91.19,4.57,1017.81,15.75,6.29,62.06,72.13,81.5,0.04,138.0
139,6.76,14.61,13.15,17.52,21.41,21.88,6.8,8.72,67.62,81.16,90.81,3.49,1017.62,16.0,6.04,62.54,71.76,92.14,0.03,139.0
140,8.38,14.63,13.22,17.56,21.73,22.31,7.1,9.09,67.38,82.73,93.24,7.25,1017.63,15.49,4.99,62.95,71.01,96.96,0.02,140.0
141,7.24,15.26,13.85,18.16,22.2,22.7,6.95,8.85,63.95,80.79,92.43,1.88,1017.51,17.44,5.51,64.1,71.87,91.13,0.02,141.0
142,7.05,15.56,13.76,18.23,21.89,22.7,6.33,8.95,65.43,80.05,90.05,3.0,1017.04,16.22,4.92,64.45,72.57,90.97,0.02,142.0
143,7.38,15.18,13.72,17.71,20.98,21.56,5.8,7.83,65.57,79.87,90.95,6.06,1017.41,17.19,6.55,62.85,73.06,78.09,0.05,143.0
144,6.76,14.3,12.99,17.15,20.8,21.5,6.5,8.51,66.67,80.63,91.76,3.54,1017.63,18.19,6.65,61.44,73.78,85.7,0.03,144.0
145,6.62,14.54,13.2,17.32,20.87,21.37,6.33,8.17,62.57,79.51,91.33,2.26,1017.82,19.16,6.54,62.51,73.93,79.37,0.03,145.0
146,6.38,13.72,12.41,16.89,20.94,21.54,7.22,9.13,66.62,80.95,92.43,3.56,1017.88,20.46,6.47,61.08,72.04,97.53,0.02,146.0
147,7.14,14.04,12.84,16.89,20.8,21.42,6.76,8.58,67.76,82.37,92.95,5.72,1017.98,15.94,6.22,61.68,70.38,87.13,0.04,147.0
148,8.52,14.15,12.66,16.94,20.59,21.27,6.44,8.6,66.67,80.98,92.24,6.88,1017.65,15.79,5.37,61.83,72.19,88.68,0.03,148.0
149,7.05,13.9,12.5,16.85,20.68,21.27,6.78,8.76,65.38,81.17,93.33,5.51,1017.56,14.87,5.56,61.86,72.89,97.46,0.12,149.0
150,6.43,13.94,12.47,16.62,19.95,20.6,6.01,8.13,67.86,81.38,92.57,6.79,1017.99,17.87,5.49,60.7,72.19,83.76,0.04,150.0
151,7.9,12.87,11.22,15.64,18.98,19.71,6.1,8.5,66.19,81.78,93.48,5.37,1018.08,18.76,5.71,58.5,74.02,85.81,0.03,151.0
152,7.33,13.02,11.56,15.26,18.35,19.07,5.33,7.51,70.86,83.81,93.05,5.22,1018.4,18.1,5.92,57.52,72.96,66.04,0.03,152.0
153,8.2,12.34,11.01,15.22,19.02,19.68,6.68,8.66,63.85,80.82,92.4,1.23,1019.3,19.7,6.51,56.92,75.22,84.52,0.02,153.0
154,7.05,12.24,10.87,15.46,19.81,20.43,7.56,9.57,63.5,79.05,90.45,0.97,1020.09,17.97,5.62,57.88,76.22,103.31,0.02,154.0
155,7.05,13.4,12.12,16.3,20.46,21.13,7.05,9.02,63.9,80.83,91.65,1.33,1018.88,18.45,5.43,59.83,73.83,103.0,0.03,155.0
156,7.55,13.54,12.22,16.64,20.62,21.11,7.09,8.9,62.3,80.2,93.75,2.65,1017.65,18.95,5.21,60.69,74.14,94.14,0.03,156.0
157,8.85,13.12,11.83,16.13,20.12,20.84,7.0,9.01,66.95,82.85,93.9,6.85,1017.39,15.53,5.16,60.48,72.75,96.52,0.03,157.0
158,8.25,13.18,11.94,16.08,19.81,20.47,6.64,8.52,67.2,82.23,93.8,5.48,1016.66,16.08,5.1,59.46,73.53,85.24,0.03,158.0
159,8.55,13.01,11.74,15.82,19.23,19.85,6.22,8.12,68.95,82.17,92.15,5.98,1018.41,19.08,6.74,58.45,73.13,79.66,0.05,159.0
160,8.25,12.72,11.85,15.61,19.4,20.04,6.67,8.18,68.2,83.0,93.2,4.28,1018.54,18.02,5.69,58.31,73.78,79.96,0.03,160.0
161,7.6,13.57,11.66,15.94,19.01,19.59,5.44,7.94,68.3,81.98,92.3,7.76,1018.07,17.57,5.84,58.89,73.45,73.53,0.03,161.0
162,8.9,12.66,11.08,15.3,18.62,19.41,5.96,8.33,69.3,82.0,92.45,7.7,1018.12,19.1,5.86,57.52,75.4,80.56,0.03,162.0
163,8.15,12.22,10.96,15.21,19.27,19.74,7.04,8.77,66.55,80.73,91.65,4.72,1019.26,18.37,5.18,57.81,76.13,87.27,0.02,163.0
164,8.8,12.6,11.42,15.51,19.75,20.26,7.14,8.83,64.45,80.12,91.85,2.4,1019.22,17.4,5.44,58.25,76.49,93.43,0.03,164.0
165,8.4,12.26,10.65,15.43,19.59,20.21,7.33,9.56,66.2,81.77,93.1,5.91,1020.32,16.68,5.01,58.15,75.01,107.23,0.02,165.0
166,8.05,11.69,10.25,15.41,20.18,20.82,8.49,10.57,64.16,80.88,92.37,2.4,1020.49,14.53,5.09,58.17,76.11,124.95,0.01,166.0
167,9.2,12.32,10.92,15.47,19.32,20.26,7.0,9.33,63.6,79.17,89.6,0.55,1020.25,18.83,4.4,58.43,77.59,103.5,0.03,167.0
168,9.25,12.56,11.28,15.41,19.34,19.83,6.78,8.55,69.8,83.22,93.75,5.94,1019.09,15.55,4.53,59.14,74.48,91.26,0.03,168.0
169,8.4,12.96,11.5,15.62,19.21,20.02,6.26,8.52,69.05,83.12,92.75,4.44,1019.34,15.18,5.69,58.25,73.56,84.64,0.02,169.0
170,8.85,11.9,10.62,14.98,19.02,19.54,7.12,8.92,67.15,82.05,92.8,3.64,1019.25,20.43,5.55,57.18,75.99,94.15,0.02,170.0
171,9.55,11.72,10.33,15.22,20.23,20.39,8.51,10.06,66.6,81.9,93.7,0.68,1019.57,16.32,4.77,58.02,75.59,120.49,0.02,171.0
172,9.0,12.82,11.6,15.54,19.46,19.98,6.65,8.37,67.7,82.02,92.05,5.87,1019.02,16.93,4.8,59.16,74.61,88.48,0.05,172.0
173,8.5,12.62,11.29,15.86,20.23,20.81,7.61,9.52,62.0,79.35,91.75,0.9,1019.34,19.62,6.51,58.74,75.95,105.92,0.03,173.0
174,8.45,13.22,11.76,16.1,20.01,20.43,6.78,8.68,69.7,82.95,92.95,2.14,1019.53,16.53,6.39,59.4,72.85,97.09,0.06,174.0
175,7.8,12.8,11.36,15.74,19.79,20.48,7.0,9.11,67.05,81.58,92.45,2.78,1020.11,17.17,5.69,58.57,74.05,93.59,0.02,175.0
176,7.65,13.2,11.58,15.99,19.88,20.28,6.68,8.7,66.8,81.47,92.25,4.04,1019.83,18.15,5.22,59.4,74.4,93.25,0.04,176.0
177,7.75,12.26,10.62,14.76,17.8,18.28,5.55,7.65,69.5,83.63,93.6,9.77,1020.04,16.17,6.13,57.2,73.94,72.1,0.03,177.0
178,8.95,11.88,10.53,15.0,19.42,20.04,7.54,9.5,67.3,82.42,93.35,4.56,1019.67,16.48,6.2,57.13,74.55,108.3,0.03,178.0
179,8.15,12.77,11.43,15.7,19.85,20.66,7.08,9.22,71.35,83.77,92.95,3.95,1019.83,16.9,5.85,58.46,72.26,100.32,0.03,179.0
180,9.45,13.88,12.6,16.54,20.04,20.86,6.16,8.25,70.35,82.62,92.2,3.34,1018.35,18.4,5.7,60.26,73.05,80.15,0.03,180.0
181,9.05,13.18,12.37,15.94,19.34,20.07,6.16,7.7,71.1,85.47,94.7,4.35,1018.43,17.77,6.18,59.04,71.28,73.9,0.05,181.0
182,8.52,12.71,11.54,15.66,19.42,20.05,6.71,8.51,69.48,82.94,92.86,6.77,1019.82,18.1,5.49,58.31,72.97,83.57,0.03,182.0
183,9.43,12.67,11.43,15.85,20.25,20.9,7.58,9.47,66.05,83.05,94.29,3.22,1019.16,16.13,5.55,59.02,73.87,106.04,0.02,183.0
184,8.43,12.5,11.32,15.96,20.41,21.03,7.91,9.71,63.9,80.98,93.67,0.91,1019.44,18.81,5.3,59.13,75.44,106.14,0.02,184.0
185,9.05,12.15,10.89,15.74,20.49,21.0,8.33,10.11,65.57,80.67,92.05,6.48,1019.64,17.51,5.26,58.58,76.06,115.19,0.02,185.0
186,8.05,12.7,11.18,16.18,21.04,21.52,8.34,10.33,59.8,78.12,90.1,1.05,1019.47,16.93,5.66,59.51,77.41,121.77,0.02,186.0
187,8.9,13.3,11.93,16.58,20.94,21.53,7.65,9.6,62.0,78.6,89.62,1.81,1018.18,15.86,5.27,60.59,76.08,102.97,0.02,187.0
188,10.0,12.53,11.22,15.8,20.15,20.88,7.62,9.66,65.89,81.89,93.74,12.71,1017.83,18.61,6.83,58.47,73.82,111.7,0.03,188.0
189,9.0,12.04,10.49,14.8,18.53,19.19,6.49,8.7,69.67,82.08,91.71,5.55,1019.68,17.25,6.74,56.62,74.8,95.0,0.04,189.0
190,8.05,12.0,10.64,14.76,18.47,18.89,6.47,8.25,67.57,82.06,92.67,12.54,1020.45,17.35,6.79,55.84,74.43,88.43,0.06,190.0
191,8.24,11.62,10.24,14.67,18.83,19.37,7.2,9.13,65.1,81.41,93.19,1.87,1020.79,17.24,5.03,56.7,76.35,97.53,0.02,191.0
192,8.9,12.3,10.93,15.46,20.14,20.75,7.84,9.82,61.48,79.71,92.24,0.89,1019.46,16.22,5.72,57.83,76.93,109.92,0.02,192.0
193,8.81,11.83,10.38,15.43,20.42,20.96,8.59,10.58,62.43,79.64,92.38,6.61,1019.46,16.81,5.69,57.99,78.12,120.13,0.01,193.0
194,9.6,12.37,10.78,15.44,19.78,20.58,7.41,9.81,63.45,80.2,92.85,6.03,1018.34,17.28,6.25,57.79,76.99,110.65,0.02,194.0
195,9.7,12.86,10.98,15.81,19.78,20.44,6.92,9.47,66.0,80.73,90.0,7.67,1017.75,17.37,5.65,58.63,73.56,104.81,0.02,195.0
196,8.45,12.87,11.4,15.82,19.68,20.21,6.81,8.8,64.4,79.57,91.25,5.76,1017.68,17.0,6.08,58.53,76.75,93.27,0.06,196.0
197,9.71,12.08,11.18,15.09,18.7,19.43,6.61,8.25,69.29,82.86,93.52,4.45,1019.45,16.02,4.84,57.41,75.46,80.52,0.03,197.0
198,8.76,11.52,10.27,13.97,16.84,17.41,5.31,7.14,72.0,84.32,93.81,6.6,1021.59,18.6,6.59,54.24,75.37,63.54,0.05,198.0
199,8.9,11.31,10.11,14.08,17.78,18.64,6.47,8.53,65.62,81.16,91.9,6.54,1021.48,18.41,7.25,54.3,77.38,86.61,0.08,199.0
200,8.57,11.51,10.3,14.79,18.96,19.64,7.44,9.35,62.52,78.51,90.0,2.4,1021.05,18.7,6.28,56.07,79.1,97.54,0.02,200.0
201,7.65,11.88,9.94,15.47,20.43,21.22,8.56,11.28,60.2,78.55,91.25,5.25,1019.18,17.7,5.67,58.09,77.65,141.2,0.01,201.0
202,8.81,11.62,10.34,15.07,19.91,20.5,8.29,10.16,62.52,80.03,92.52,4.27,1018.54,15.46,5.4,57.49,76.56,122.96,0.03,202.0
203,8.6,12.78,10.92,15.96,20.4,21.47,7.63,10.54,63.3,78.37,89.85,7.85,1017.92,15.52,6.39,58.76,75.61,131.3,0.02,203.0
204,9.68,12.56,10.98,15.47,19.26,19.84,6.71,8.86,64.11,78.86,89.47,3.85,1018.76,17.53,7.44,57.38,77.11,92.5,0.03,204.0
205,8.9,11.81,10.3,15.38,20.47,21.09,8.66,10.78,61.7,77.7,88.85,3.62,1020.27,17.88,6.37,57.29,78.26,137.35,0.02,205.0
206,8.1,13.11,11.58,15.87,19.58,20.22,6.47,8.64,66.48,79.98,89.95,4.0,1020.09,17.48,6.31,58.38,76.1,92.26,0.05,206.0
207,9.68,11.77,10.57,14.68,18.06,18.94,6.29,8.37,66.32,80.39,91.37,3.23,1021.18,17.88,7.06,55.45,77.66,83.57,0.03,207.0
208,9.24,11.18,9.75,14.55,19.03,19.75,7.85,10.0,62.9,80.84,93.76,6.52,1021.14,16.87,5.58,56.85,77.0,112.06,0.02,208.0
209,9.29,11.78,10.26,14.72,18.8,19.73,7.02,9.47,65.52,79.87,90.67,1.74,1020.7,16.63,6.16,56.55,76.87,101.95,0.02,209.0
210,8.24,11.26,9.61,14.81,19.55,19.91,8.29,10.3,61.43,78.25,90.95,6.58,1021.08,15.91,6.11,56.38,77.96,123.83,0.04,210.0
211,9.0,12.02,10.42,15.17,19.27,19.94,7.26,9.52,62.85,78.35,90.4,4.42,1021.37,18.7,5.27,57.34,78.05,104.32,0.02,211.0
212,9.6,11.74,9.74,15.35,20.46,21.14,8.73,11.4,60.95,77.52,90.0,3.08,1020.83,14.78,6.08,57.53,78.85,142.47,0.01,212.0
213,8.35,12.68,10.91,16.29,21.06,21.94,8.37,11.03,61.4,77.83,90.1,2.95,1019.51,15.02,6.11,59.82,75.73,139.93,0.02,213.0
214,8.2,12.84,11.57,15.89,20.04,20.58,7.19,9.02,66.1,80.72,91.0,5.32,1018.96,15.8,6.72,58.7,74.98,96.24,0.02,214.0
215,9.05,13.43,12.0,16.13,19.91,20.91,6.48,8.91,64.1,79.62,90.19,5.5,1019.29,16.62,6.6,59.3,75.33,93.86,0.02,215.0
216,9.38,12.98,11.32,16.2,20.72,21.19,7.74,9.86,62.33,79.37,90.81,2.23,1020.25,18.06,6.18,59.44,75.15,112.57,0.02,216.0
217,8.33,12.83,10.9,16.32,21.05,21.75,8.21,10.85,60.05,77.46,89.76,2.45,1020.35,16.19,5.68,59.73,76.07,134.06,0.01,217.0
218,8.55,13.22,11.32,16.96,22.49,23.12,9.27,11.8,55.15,76.13,89.65,2.05,1019.64,16.28,5.88,61.17,74.86,153.66,0.01,218.0
219,9.85,13.48,11.58,17.06,22.37,23.02,8.89,11.44,60.4,76.2,87.85,2.55,1018.22,16.53,6.96,61.03,74.84,145.24,0.01,219.0
220,8.85,14.17,12.21,16.68,19.79,21.16,5.62,8.96,64.05,78.75,90.35,8.42,1018.56,14.88,5.57,61.53,75.21,102.64,0.04,220.0
221,9.1,13.66,12.08,16.23,19.6,20.29,5.93,8.21,67.05,79.65,88.7,6.7,1019.23,15.48,7.69,58.84,74.81,86.6,0.05,221.0
222,9.1,13.42,11.52,15.78,19.23,20.14,5.81,8.62,64.25,79.17,90.25,8.81,1020.13,18.55,9.09,57.39,75.22,86.75,0.04,222.0
223,8.33,12.87,10.66,15.77,19.93,20.55,7.06,9.89,60.57,77.95,89.29,1.55,1021.65,16.33,6.49,58.32,76.02,111.08,0.02,223.0
224,8.95,13.9,11.69,16.86,21.92,22.52,8.02,10.84,62.45,79.2,89.8,0.46,1019.12,14.67,5.5,61.11,74.08,133.74,0.02,224.0
225,9.19,13.99,12.0,16.81,20.8,21.57,6.81,9.57,65.33,79.68,90.52,6.34,1018.5,14.73,6.77,60.57,73.58,108.05,0.04,225.0
226,8.05,13.58,11.44,16.53,20.44,21.3,6.86,9.86,60.86,76.92,88.9,2.06,1020.24,15.91,5.75,60.21,76.61,117.38,0.03,226.0
227,7.9,14.36,12.28,17.36,22.01,22.7,7.64,10.42,62.45,77.18,87.6,1.46,1019.36,14.67,5.49,62.21,74.26,130.82,0.02,227.0
228,7.68,14.81,13.04,18.0,23.2,23.64,8.39,10.6,60.21,77.91,90.37,1.96,1018.12,14.97,6.51,63.24,72.46,135.82,0.02,228.0
229,9.14,15.1,12.96,18.46,23.3,24.24,8.2,11.28,59.57,75.59,86.19,1.64,1018.42,13.02,6.29,64.54,73.56,137.99,0.02,229.0
230,8.05,14.92,12.48,17.52,21.57,22.42,6.65,9.94,64.24,78.89,89.43,4.22,1017.72,13.38,6.07,62.42,72.57,124.8,0.03,230.0
231,7.89,14.89,12.33,17.96,22.29,23.01,7.4,10.67,61.37,76.65,86.53,4.46,1017.34,16.46,6.17,63.35,74.08,132.59,0.03,231.0
232,8.15,13.88,11.97,16.32,19.43,19.9,5.55,7.94,65.25,78.05,87.1,4.06,1020.08,15.28,7.1,59.35,74.88,78.82,0.03,232.0
233,8.05,12.8,10.93,15.62,19.7,20.22,6.9,9.28,62.25,75.43,85.85,2.72,1021.71,17.25,6.07,58.09,78.08,108.9,0.04,233.0
234,8.57,13.23,10.6,16.35,20.96,21.7,7.73,11.1,60.95,76.87,88.14,3.08,1020.0,15.52,6.24,59.84,77.26,144.73,0.02,234.0
235,8.1,13.77,11.57,16.97,21.87,22.68,8.1,11.11,56.95,74.29,86.38,4.09,1018.95,17.35,6.78,60.8,77.62,144.64,0.02,235.0
236,7.95,14.5,11.87,17.55,22.49,23.48,8.0,11.6,59.1,75.22,85.7,5.6,1018.28,12.75,6.37,63.21,75.32,150.9,0.01,236.0
237,8.14,14.83,12.38,17.89,22.51,23.35,7.68,10.98,61.29,76.14,87.67,10.16,1018.15,15.24,7.06,63.54,74.17,146.53,0.03,237.0
238,8.19,14.8,12.1,17.23,20.69,21.22,5.89,9.12,62.0,75.17,85.95,5.02,1018.25,18.3,6.77,62.1,76.36,101.29,0.06,238.0
239,7.57,14.28,11.45,17.16,21.7,22.26,7.42,10.81,57.57,74.32,86.57,3.65,1018.76,16.92,6.76,61.38,77.31,145.59,0.04,239.0
240,8.95,14.24,11.99,17.49,22.37,23.37,8.12,11.38,58.33,75.03,87.24,4.13,1019.07,17.35,6.16,62.23,76.75,142.29,0.01,240.0
241,8.75,15.26,12.6,18.36,23.09,23.77,7.83,11.16,59.45,74.68,85.8,2.84,1019.0,16.18,6.32,64.16,75.7,147.6,0.02,241.0
242,7.71,14.91,12.56,17.89,22.03,22.6,7.12,10.04,63.14,77.33,88.43,3.81,1018.6,16.48,7.63,62.61,73.07,127.72,0.04,242.0
243,8.2,15.42,13.07,18.28,22.44,23.12,7.01,10.06,61.2,74.65,85.65,8.5,1018.47,17.48,6.81,63.75,73.56,121.91,0.04,243.0
244,7.52,15.02,12.48,17.45,20.8,21.49,5.77,9.0,64.86,76.14,85.57,2.8,1018.72,16.92,6.38,62.16,74.42,102.8,0.04,244.0
245,7.16,15.39,13.01,17.56,20.99,21.85,5.6,8.84,65.68,78.84,88.11,7.75,1017.81,13.35,7.15,62.04,72.71,100.91,0.04,245.0
246,7.95,15.66,13.34,18.14,21.98,22.52,6.32,9.18,63.74,76.32,86.16,4.09,1017.41,17.32,7.91,63.12,73.46,104.95,0.03,246.0
247,7.84,14.79,12.48,17.44,21.35,22.02,6.56,9.54,61.05,75.86,87.26,2.93,1019.1,16.14,8.79,61.39,75.07,110.57,0.03,247.0
248,7.84,14.38,12.22,17.32,21.74,22.54,7.35,10.33,60.68,74.89,85.26,3.84,1020.39,14.91,6.85,61.54,75.4,122.51,0.02,248.0
249,7.68,14.56,12.45,17.38,21.82,22.72,7.26,10.27,62.58,78.32,88.32,2.63,1019.88,14.0,5.86,62.47,73.49,121.11,0.02,249.0
250,7.25,15.52,13.35,18.31,22.49,23.26,6.97,9.91,61.25,76.97,87.65,9.59,1017.44,16.53,7.36,63.74,73.17,120.35,0.04,250.0
251,7.4,16.33,13.96,19.13,23.39,24.06,7.06,10.1,62.65,75.75,85.3,4.5,1016.1,16.4,8.27,65.29,74.59,125.02,0.03,251.0
252,8.63,17.04,14.33,20.16,24.81,25.37,7.76,11.05,59.37,76.0,88.37,2.69,1016.02,16.88,7.27,68.06,74.11,140.22,0.01,252.0
253,7.75,16.43,13.9,19.32,23.8,24.96,7.36,11.06,62.3,76.07,86.35,1.34,1017.23,16.35,6.65,66.2,73.19,144.92,0.02,253.0
254,7.25,16.46,14.06,18.59,21.82,22.4,5.36,8.35,67.4,79.13,88.45,14.08,1018.05,18.37,8.25,64.12,71.14,94.38,0.05,254.0
255,6.9,15.6,13.62,18.16,21.58,22.2,5.98,8.59,70.6,79.62,86.5,9.97,1017.75,17.7,7.81,63.21,71.79,99.55,0.05,255.0
256,7.45,16.27,13.98,18.6,22.19,22.9,5.92,8.92,64.5,78.02,86.8,5.28,1017.72,16.87,7.4,64.33,72.46,98.95,0.03,256.0
257,8.3,16.45,14.59,18.62,21.7,22.77,5.24,8.18,64.95,78.07,88.75,4.06,1016.5,18.53,8.89,64.16,72.21,81.5,0.03,257.0
258,7.25,15.81,13.5,18.3,21.68,22.48,5.88,8.98,62.95,75.75,86.75,7.28,1017.48,17.53,8.1,63.58,72.51,97.85,0.02,258.0
259,7.6,15.58,13.18,18.02,21.24,22.02,5.65,8.83,64.1,76.3,86.0,7.37,1018.64,15.98,7.8,63.0,73.39,85.67,0.02,259.0
260,7.4,15.6,13.68,17.66,20.34,21.12,4.74,7.44,69.7,80.25,88.6,7.86,1018.87,16.05,9.17,61.77,70.61,67.58,0.04,260.0
261,7.4,15.76,13.56,18.09,21.64,22.74,5.88,9.18,65.65,79.18,88.8,6.14,1017.43,16.13,7.81,63.08,71.33,99.05,0.04,261.0
262,7.8,16.56,14.46,19.16,22.98,23.54,6.42,9.08,65.05,79.02,89.35,9.59,1015.32,17.15,7.4,65.69,70.49,105.87,0.05,262.0
263,6.9,16.88,14.48,19.1,22.14,22.89,5.26,8.41,64.5,78.5,88.15,7.68,1014.89,16.48,7.55,65.53,71.39,88.56,0.04,263.0
264,7.7,15.86,13.74,18.02,21.28,21.98,5.42,8.24,65.95,78.03,87.55,5.68,1016.75,17.02,7.34,63.12,71.98,82.86,0.03,264.0
265,7.35,16.01,13.24,18.69,22.61,23.6,6.6,10.35,59.35,75.88,87.25,5.56,1016.48,15.85,6.44,64.93,72.79,125.92,0.02,265.0
266,7.2,16.19,13.48,18.33,21.34,22.06,5.14,8.58,67.2,78.02,87.45,8.59,1016.61,16.4,7.91,63.58,71.4,88.38,0.03,266.0
267,8.11,15.68,13.05,17.66,20.31,21.38,4.63,8.34,62.21,76.11,86.26,8.1,1018.89,17.79,8.73,61.94,73.04,85.29,0.03,267.0
268,7.25,15.48,12.42,18.58,22.98,23.68,7.5,11.26,55.8,71.6,83.25,0.46,1019.67,16.77,7.75,64.33,74.89,139.82,0.01,268.0
269,8.55,16.15,13.38,19.1,23.29,24.28,7.14,10.9,57.75,72.38,83.3,1.48,1018.84,16.0,8.16,65.31,74.58,129.12,0.01,269.0
270,7.5,16.74,14.46,19.28,22.78,23.9,6.04,9.43,63.0,74.9,84.45,3.67,1018.24,14.6,7.65,65.89,73.57,98.23,0.02,270.0
271,6.84,17.15,14.83,19.33,22.46,23.38,5.31,8.55,62.16,75.42,86.26,1.36,1018.76,13.65,9.17,65.75,72.25,87.6,0.03,271.0
272,7.65,16.86,14.49,19.88,23.97,24.78,7.11,10.3,57.95,73.22,84.75,1.12,1017.4,17.02,8.32,67.15,73.8,123.49,0.02,272.0
273,7.53,16.93,14.46,19.36,22.45,23.33,5.52,8.87,61.21,73.39,82.95,3.38,1016.78,16.53,8.09,65.98,72.96,93.26,0.03,273.0
274,6.25,17.51,14.98,20.21,24.26,24.96,6.76,9.98,60.35,74.63,85.9,6.48,1015.18,15.35,7.53,68.05,73.17,115.51,0.04,274.0
275,8.71,17.63,15.48,20.29,23.92,24.88,6.3,9.4,60.38,74.02,85.81,3.47,1015.39,16.65,8.73,67.98,73.13,98.35,0.02,275.0
276,7.1,17.26,14.57,19.75,23.3,24.08,6.04,9.52,62.4,75.82,86.65,3.94,1015.94,18.42,8.11,66.89,72.3,101.37,0.02,276.0
277,7.23,16.84,14.43,19.38,22.9,23.94,6.06,9.51,64.32,75.61,84.91,6.11,1016.74,17.42,7.43,66.19,71.83,103.09,0.02,277.0
278,7.77,17.31,14.71,19.78,23.27,24.05,5.96,9.33,63.5,75.53,85.41,6.12,1016.0,16.52,7.47,67.09,72.35,99.66,0.02,278.0
279,6.77,17.22,14.91,19.88,23.41,23.9,6.19,8.99,64.41,76.89,86.5,5.89,1016.34,14.06,7.07,67.41,72.03,92.29,0.02,279.0
280,6.67,17.36,14.97,19.91,23.02,23.74,5.67,8.77,62.29,75.41,86.57,2.85,1016.75,14.65,9.05,67.07,72.83,88.3,0.02,280.0
281,7.52,17.7,15.19,20.28,23.76,24.59,6.07,9.4,64.19,75.05,84.24,11.2,1016.61,15.33,7.82,68.12,72.59,107.22,0.05,281.0
282,6.77,17.86,15.9,20.8,24.69,25.58,6.83,9.69,60.91,74.15,85.09,2.67,1016.41,15.36,7.77,69.42,73.63,107.29,0.03,282.0
283,6.18,18.58,15.41,20.82,23.95,24.98,5.36,9.57,61.32,72.94,82.32,1.63,1016.34,15.2,7.83,69.37,74.3,107.89,0.03,283.0
284,7.32,17.9,15.15,20.44,23.63,24.75,5.73,9.61,63.36,74.89,83.82,6.8,1016.22,15.62,8.14,68.51,72.26,109.99,0.02,284.0
285,6.67,17.9,15.75,20.61,24.3,25.13,6.39,9.38,63.33,77.6,88.05,6.1,1015.51,16.98,7.73,69.03,71.93,102.49,0.02,285.0
286,6.73,18.7,16.21,21.75,25.6,26.24,6.9,10.03,60.41,73.98,84.23,4.23,1014.6,17.91,8.09,71.57,74.13,110.89,0.01,286.0
287,7.64,18.63,16.43,21.35,24.82,25.5,6.19,9.07,63.95,75.26,85.18,5.15,1014.89,17.91,7.76,70.57,73.47,91.03,0.02,287.0
288,7.09,18.29,15.86,20.76,23.95,24.75,5.66,8.89,65.23,76.29,86.18,5.98,1016.29,14.76,8.96,69.04,72.36,87.18,0.02,288.0
289,6.67,18.51,16.0,21.03,24.2,24.85,5.7,8.86,66.0,76.14,85.52,4.85,1016.37,14.33,7.55,69.98,72.19,96.52,0.03,289.0
290,6.86,18.57,16.46,20.89,23.81,24.9,5.24,8.44,64.09,75.95,86.55,5.72,1015.79,15.17,7.93,69.57,72.24,87.7,0.03,290.0
291,5.9,18.84,15.99,21.36,24.53,25.41,5.7,9.43,60.52,71.75,82.05,7.21,1015.52,15.3,8.45,70.51,74.24,100.44,0.02,291.0
292,6.95,18.53,15.93,21.11,24.52,25.3,5.99,9.36,61.59,74.26,85.14,4.88,1015.56,15.71,7.35,70.18,72.84,101.7,0.02,292.0
293,7.45,18.74,15.68,21.63,25.7,26.47,6.96,10.79,55.55,70.26,83.45,2.03,1014.87,15.79,9.32,71.05,74.52,131.42,0.02,293.0
294,6.48,18.4,15.39,21.49,25.22,26.0,6.81,10.61,58.86,71.25,82.1,3.1,1014.1,16.36,7.77,71.0,74.09,122.21,0.01,294.0
295,6.41,18.01,15.53,21.21,25.29,26.04,7.28,10.5,54.68,70.12,83.45,5.32,1015.52,17.14,8.19,70.27,74.49,120.23,0.01,295.0
296,6.95,18.46,15.3,21.37,25.15,26.04,6.69,10.74,56.95,69.71,81.5,3.06,1015.95,16.33,8.02,70.68,74.09,133.81,0.02,296.0
297,7.18,18.6,16.18,21.5,24.99,25.83,6.39,9.65,59.32,72.52,83.68,4.72,1015.26,15.68,7.34,71.07,73.35,106.41,0.02,297.0
298,6.82,18.95,16.7,22.04,26.14,26.81,7.18,10.11,58.45,72.55,83.09,5.65,1014.55,16.64,8.49,72.11,74.22,112.53,0.01,298.0
299,6.73,19.58,16.96,22.57,26.48,27.17,6.9,10.2,60.0,72.62,84.32,5.16,1012.91,16.51,8.14,73.42,74.78,124.1,0.04,299.0
300,6.76,19.7,17.09,22.38,26.22,26.88,6.52,9.8,57.57,73.4,84.71,6.16,1012.26,18.22,8.59,72.92,74.78,109.85,0.02,300.0
301,6.5,19.64,16.28,22.44,26.12,26.7,6.49,10.42,54.73,68.23,79.09,3.35,1013.01,18.98,8.16,73.02,76.23,121.09,0.02,301.0
302,6.95,19.08,16.26,22.39,26.13,27.22,7.05,10.96,59.86,70.6,79.52,2.02,1013.34,16.05,7.92,73.12,76.31,135.76,0.02,302.0
303,6.5,19.97,17.5,22.82,26.53,27.2,6.56,9.7,61.41,73.2,83.64,2.76,1012.9,15.97,7.43,74.13,75.64,109.26,0.02,303.0
304,6.23,19.57,16.74,22.35,25.7,26.45,6.14,9.71,58.09,71.29,84.91,6.45,1014.08,17.24,8.67,72.9,75.5,108.23,0.03,304.0
305,6.52,18.39,15.82,21.37,24.77,25.6,6.38,9.78,60.0,71.06,81.67,6.22,1016.27,16.84,9.27,70.47,74.57,108.67,0.02,305.0
306,6.95,18.47,15.71,21.72,25.88,26.14,7.41,10.43,56.64,69.09,80.68,1.12,1016.4,13.64,8.97,71.28,75.83,122.52,0.02,306.0
307,6.82,19.08,16.21,22.13,25.76,26.4,6.69,10.19,56.95,71.41,83.95,2.77,1013.86,16.74,8.41,72.45,74.94,120.22,0.02,307.0
308,6.48,18.95,16.24,21.7,24.94,25.71,5.99,9.47,58.57,71.33,82.43,5.12,1014.02,19.1,8.57,71.3,74.18,106.74,0.03,308.0
309,6.09,18.89,15.99,21.79,25.34,26.11,6.45,10.12,56.86,69.85,81.14,5.28,1015.69,15.77,9.04,71.45,75.1,116.28,0.02,309.0
310,6.77,19.22,16.09,22.21,25.99,26.82,6.76,10.74,60.73,71.82,81.64,4.11,1015.7,15.76,8.55,72.52,75.43,126.92,0.01,310.0
311,5.82,18.89,16.12,22.06,25.62,26.59,6.74,10.46,57.68,70.89,83.32,4.7,1015.86,15.6,8.87,72.14,74.69,125.28,0.02,311.0
312,7.43,19.53,16.43,22.89,27.2,27.85,7.66,11.41,54.29,68.32,80.19,2.16,1015.3,14.87,7.89,74.23,76.37,145.36,0.01,312.0
313,6.86,20.1,17.09,23.69,27.93,28.84,7.83,11.75,54.86,68.03,81.38,1.22,1013.68,16.94,7.69,76.14,77.77,146.83,0.01,313.0
314,6.43,20.65,17.98,22.65,25.31,25.96,4.66,7.98,63.33,75.14,85.1,4.0,1012.48,15.24,7.52,73.76,74.76,80.76,0.04,314.0
315,5.95,20.28,18.02,23.03,26.52,27.25,6.24,9.23,58.57,72.25,85.0,9.96,1013.31,17.03,8.51,74.43,76.1,94.85,0.03,315.0
316,7.32,19.88,17.29,22.82,26.45,26.98,6.56,9.69,56.86,69.05,80.09,3.91,1013.62,16.41,8.26,74.05,76.35,103.26,0.02,316.0
317,6.05,19.71,16.7,22.78,26.54,27.42,6.83,10.73,57.27,69.64,80.09,4.59,1013.5,17.42,9.0,73.73,75.41,131.79,0.02,317.0
318,6.82,20.0,17.33,23.14,26.84,27.8,6.85,10.47,57.77,69.06,79.91,4.72,1012.67,17.42,8.27,74.79,76.24,121.28,0.01,318.0
319,5.64,20.47,17.37,23.83,27.99,28.79,7.52,11.42,51.27,64.97,77.27,0.4,1012.65,18.24,8.65,76.28,77.8,143.35,0.01,319.0
320,6.18,21.23,17.39,24.19,28.02,28.88,6.79,11.49,54.82,66.58,77.59,1.75,1012.83,15.89,7.83,77.19,77.74,142.61,0.01,320.0
321,7.05,20.1,17.33,23.11,26.64,27.31,6.54,9.98,59.73,71.03,82.0,3.25,1012.95,14.04,8.17,74.69,75.25,115.18,0.02,321.0
322,6.18,19.92,17.45,22.88,26.47,27.08,6.55,9.63,59.05,72.77,84.23,8.09,1011.91,16.56,7.53,74.36,74.3,109.17,0.02,322.0
323,5.81,20.3,16.64,23.14,26.9,28.13,6.6,11.49,54.71,68.3,80.0,2.08,1012.96,16.59,7.52,74.88,76.48,142.07,0.02,323.0
324,6.95,20.08,16.94,23.07,27.01,28.05,6.94,11.11,53.57,68.02,80.86,3.71,1013.62,17.17,8.39,74.56,76.56,140.23,0.04,324.0
325,7.0,20.42,17.11,23.73,27.73,28.55,7.3,11.44,56.45,68.15,79.23,0.8,1014.24,16.44,8.09,76.15,77.65,147.2,0.01,325.0
326,5.62,20.85,17.76,23.85,27.57,28.49,6.71,10.73,54.0,68.46,80.57,4.95,1012.89,17.79,8.91,76.3,76.97,129.16,0.01,326.0
327,6.23,21.08,17.6,24.21,28.13,29.23,7.05,11.63,53.18,65.01,76.86,0.58,1013.31,15.7,8.02,77.24,78.11,147.38,0.01,327.0
328,6.45,20.51,17.85,23.91,28.02,28.81,7.5,10.95,57.5,69.88,81.36,5.37,1012.13,15.17,7.9,76.52,77.16,136.09,0.02,328.0
329,6.14,20.62,17.91,23.79,27.54,28.31,6.91,10.4,60.09,71.76,82.32,4.15,1012.72,15.8,7.65,76.33,76.8,126.52,0.02,329.0
330,5.95,21.41,18.54,24.59,28.46,29.18,7.05,10.63,57.19,69.79,81.29,4.97,1011.88,15.7,8.49,78.27,78.07,126.63,0.01,330.0
331,6.59,22.15,19.16,24.74,28.05,28.98,5.9,9.82,60.27,72.35,82.82,5.43,1012.15,15.86,7.71,78.57,78.22,110.96,0.02,331.0
332,6.95,21.75,18.65,24.36,27.45,28.16,5.7,9.51,60.09,71.24,80.95,0.76,1012.34,14.92,8.44,77.63,77.4,103.48,0.02,332.0
333,6.68,21.33,18.56,24.39,27.94,29.2,6.61,10.64,56.45,68.65,79.73,1.57,1011.87,15.56,7.34,77.8,77.43,128.3,0.02,333.0
334,6.18,22.11,19.05,24.84,28.03,29.03,5.92,9.98,56.55,67.88,78.27,1.94,1011.27,15.58,8.29,78.69,79.07,107.32,0.02,334.0
335,6.32,21.3,18.79,24.06,27.39,28.23,6.08,9.44,58.86,69.94,80.05,3.57,1012.31,15.42,7.89,76.95,77.38,97.27,0.02,335.0
336,5.14,21.1,18.35,24.0,27.23,28.5,6.13,10.16,57.86,69.32,81.23,3.97,1013.07,16.61,8.31,76.73,77.72,110.91,0.01,336.0
337,6.14,21.14,18.35,24.44,28.24,29.18,7.1,10.84,55.77,68.53,80.32,2.14,1012.7,15.76,8.64,77.71,78.29,123.66,0.01,337.0
338,7.09,21.54,18.88,24.35,27.77,28.82,6.23,9.94,59.64,69.77,79.27,5.1,1011.27,17.36,7.98,77.61,77.81,114.65,0.02,338.0
339,6.71,21.6,19.23,24.1,27.14,28.17,5.55,8.94,61.0,73.37,83.86,5.07,1011.5,15.24,7.81,77.06,77.09,88.03,0.02,339.0
340,6.64,20.95,18.29,23.57,26.82,27.59,5.87,9.3,57.5,70.27,81.32,5.7,1013.07,17.15,8.43,75.75,76.88,94.49,0.02,340.0
341,5.41,21.15,17.82,24.09,27.87,28.76,6.71,10.94,54.32,67.08,78.45,4.3,1012.86,16.48,6.93,77.11,78.17,135.34,0.02,341.0
342,6.23,21.92,18.54,24.98,28.85,30.15,6.93,11.62,52.73,65.65,77.73,1.78,1011.96,16.06,8.59,78.99,79.6,149.11,0.01,342.0
343,6.45,22.07,18.75,24.77,28.58,29.65,6.5,10.9,54.18,66.79,77.36,1.98,1011.88,17.79,8.03,78.56,79.28,129.04,0.01,343.0
344,6.18,22.22,18.45,25.25,29.36,30.19,7.14,11.74,53.59,66.26,77.0,1.65,1012.14,16.03,7.01,79.74,79.64,152.2,0.01,344.0
345,6.18,22.09,19.14,25.06,28.7,29.37,6.61,10.23,56.41,68.48,80.14,5.93,1011.76,15.42,8.01,79.22,78.94,128.56,0.03,345.0
346,5.77,22.12,19.11,25.46,29.25,30.15,7.13,11.03,53.5,67.39,80.5,3.46,1010.46,17.41,8.14,80.15,80.45,134.78,0.01,346.0
347,7.32,21.15,18.76,24.28,27.88,28.9,6.72,10.14,56.23,68.58,78.95,2.4,1011.57,16.45,8.13,77.4,78.45,112.55,0.01,347.0
348,5.68,22.12,18.8,25.39,29.5,30.58,7.38,11.78,54.91,67.71,78.41,0.69,1011.43,16.21,7.23,80.13,80.36,148.67,0.01,348.0
349,6.45,22.36,19.04,25.11,28.71,29.45,6.35,10.41,57.45,69.27,78.95,6.92,1011.94,17.08,8.56,79.29,79.36,118.66,0.03,349.0
350,5.73,22.34,19.63,25.15,28.72,29.72,6.38,10.1,56.55,70.18,80.95,2.36,1011.86,16.58,8.21,79.42,79.72,113.28,0.02,350.0
351,6.23,22.65,19.66,25.69,29.26,30.43,6.61,10.77,55.55,68.08,79.64,1.49,1011.69,17.47,8.93,80.64,81.69,123.84,0.01,351.0
352,6.18,22.22,19.26,24.97,28.49,29.48,6.27,10.21,57.18,68.79,80.09,4.23,1012.76,15.06,8.51,78.99,79.34,113.14,0.01,352.0
353,6.5,22.41,19.34,25.96,30.38,31.13,7.97,11.8,54.15,67.17,79.55,0.8,1012.36,13.22,7.54,81.38,81.02,146.26,0.01,353.0
354,6.0,23.17,20.66,26.3,30.15,31.44,6.98,10.78,57.43,69.4,80.1,1.64,1010.8,19.24,7.88,82.14,82.1,126.14,0.01,354.0
355,6.81,22.82,20.7,25.55,28.9,30.33,6.08,9.64,60.14,73.67,84.48,5.86,1010.24,17.38,7.91,80.48,80.02,105.26,0.02,355.0
356,5.48,22.85,19.97,25.8,29.47,30.36,6.62,10.39,55.14,68.97,81.29,3.23,1011.67,15.3,7.86,81.0,80.88,120.53,0.01,356.0
357,7.14,22.81,19.73,25.86,29.56,30.32,6.75,10.59,54.67,67.54,79.43,2.23,1012.72,16.48,8.25,81.14,81.61,119.24,0.01,357.0
358,6.52,22.25,19.24,25.24,28.88,29.75,6.63,10.51,59.52,70.62,80.86,8.75,1012.87,15.4,8.27,79.64,79.61,127.99,0.02,358.0
359,5.86,22.39,19.6,25.34,28.77,29.92,6.39,10.33,58.05,69.89,80.55,5.03,1013.35,15.97,7.44,80.01,80.44,118.75,0.02,359.0
360,7.59,23.4,19.91,26.62,30.89,31.65,7.49,11.75,53.27,67.35,79.45,0.41,1012.41,15.7,7.59,82.94,83.18,148.25,0.01,360.0
361,6.77,23.62,20.0,26.99,31.46,32.13,7.85,12.13,52.09,65.42,76.45,1.41,1011.36,16.85,7.18,83.84,83.98,156.64,0.01,361.0
362,5.76,23.82,20.64,26.65,30.45,31.47,6.63,10.83,56.05,69.67,81.52,2.95,1011.47,18.14,8.15,82.96,83.09,126.59,0.01,362.0
363,6.19,23.66,20.48,26.52,30.34,31.3,6.68,10.82,57.1,70.24,80.19,4.04,1011.61,15.56,7.22,82.64,82.97,125.75,0.01,363.0
364,6.59,23.64,21.19,27.06,31.1,32.25,7.45,11.06,57.77,69.94,81.55,2.22,1010.22,16.0,6.95,83.98,84.5,130.85,0.01,364.0
365,6.33,24.37,21.64,27.24,30.68,31.84,6.31,10.2,58.1,70.17,81.67,1.82,1010.02,15.52,8.52,84.26,85.24,120.65,0.02,365.0
366,7.6,24.12,21.08,27.31,31.26,31.56,7.14,10.48,55.6,69.4,80.6,9.2,1010.79,17.13,4.97,84.63,84.93,116.36,0.01,366.0
