data,tmax_clima,acima,obito,heat_index,wind_chill,tmin,temp,tmax,amplitude_t,urmin,umidade,urmax,prec,pressao,ventodir,ventovel
2002-05-11,23.55,5.25,11,93.79021480796192,65.14508808691446,17.5,23.0,28.8,11.3,62.0,80.67,92.0,0.0,1020.17,4.67,1.1880000000000002
2002-05-12,23.16,6.940000000000001,7,98.98509191179843,62.87487861332533,17.0,24.03,30.1,13.1,56.0,77.33,89.0,0.0,1018.23,4.67,2.4120000000000004
2002-05-13,22.7,9.3,7,109.11745749625432,67.12769852922813,19.0,25.23,32.0,13.0,54.0,76.33,88.0,0.0,1017.97,4.67,2.4120000000000004
2002-05-14,23.24,8.260000000000002,13,100.58886988539824,63.6962129884917,18.0,25.23,31.5,13.5,50.0,67.33,81.0,0.0,1014.33,15.0,4.932
2002-05-15,23.0,6.699999999999999,4,99.78711696647224,70.28726112515633,21.0,22.23,29.7,8.7,75.0,83.33,98.0,14.6,1010.63,4.67,5.508
2004-04-12,26.31,6.890000000000004,8,110.60694465558416,68.74038773757246,19.6,26.57,33.2,13.6,48.0,69.0,87.0,0.0,1010.9,10.67,1.908
2004-04-13,26.71,7.390000000000001,10,108.67122946704362,68.60100722228276,20.3,27.97,34.1,13.8,43.0,60.33,71.0,0.0,1013.67,18.33,5.867999999999999
2004-04-14,25.5,9.5,6,117.33229718012215,71.00627069804858,21.0,27.87,35.0,14.0,44.0,64.67,84.0,0.0,1012.57,16.67,3.24
2004-04-15,25.97,7.130000000000003,7,106.5611530867265,69.79600973498239,20.8,28.07,33.1,12.3,47.0,64.33,79.0,0.0,1011.8,10.67,5.652
2004-04-16,27.41,5.389999999999997,6,116.10284482614992,71.98863688512873,21.7,26.4,32.8,11.099999999999998,53.0,78.67,94.0,0.0,1012.83,10.67,5.04
2005-05-31,19.71,5.09,12,77.5296648286081,63.870939901182,16.7,20.1,24.8,8.100000000000001,76.0,88.0,95.0,0.0,1022.13,3.0,0.972
2005-06-01,19.07,9.73,9,94.67086885388797,61.62380832015127,16.0,21.77,28.8,12.8,58.0,83.0,96.0,0.0,1020.37,16.67,1.548
2005-06-02,19.68,9.420000000000002,11,94.1150668844433,64.46794836965452,17.0,23.23,29.1,12.1,53.0,77.67,94.0,0.0,1017.87,16.67,0.972
2005-06-03,20.43,8.969999999999999,6,94.74147392183583,67.27786610770949,18.9,23.8,29.4,10.5,55.0,75.67,89.0,0.0,1017.1,12.0,1.908
2005-06-04,21.13,8.27,5,93.02142174944278,67.53191847330675,19.5,24.6,29.4,9.9,59.0,71.33,79.0,0.0,1017.9,27.0,3.708
2005-06-05,21.11,7.490000000000002,5,91.0141969804742,65.21750133811707,18.5,23.77,28.6,10.1,59.0,75.33,90.0,0.0,1018.93,22.67,3.96
2005-06-06,20.84,8.16,10,95.46192471244052,76.8833,19.0,23.27,29.0,10.0,64.0,82.33,95.0,0.0,1019.47,0.0,0.0
2005-06-07,20.47,7.330000000000002,11,88.71812577341323,64.94511275989275,17.0,22.67,27.8,10.8,56.0,79.33,97.0,0.0,1016.93,13.67,0.7200000000000001
2005-06-08,19.85,7.75,2,86.32105010066859,59.25275616702341,15.0,21.6,27.6,12.6,56.0,72.33,87.0,0.0,1016.93,28.67,1.8
2005-07-29,19.91,6.690000000000001,9,83.3944137669505,46.84186265563199,10.0,17.73,26.6,16.6,57.0,75.33,95.0,0.0,1019.7,9.33,3.492
2005-07-30,19.94,12.260000000000002,8,104.68308859708851,57.661372160926526,14.9,22.97,32.2,17.300000000000004,44.0,68.33,88.0,0.0,1015.87,16.67,3.3480000000000003
2005-07-31,21.14,10.46,7,95.77173381556644,65.38558568784325,18.5,25.1,31.6,13.1,34.0,57.33,69.0,0.0,1015.07,1.67,3.6
2005-08-01,21.94,8.86,9,93.260934107903,63.08088020655981,17.0,24.5,30.8,13.8,44.0,58.33,73.0,0.0,1016.13,24.0,2.16
2005-08-02,20.58,9.82,8,93.44164081274296,57.879441265143775,15.0,23.5,30.4,15.4,39.0,62.33,81.0,0.0,1016.43,22.67,3.3480000000000003
2005-08-03,20.91,9.190000000000001,4,91.56444460404728,63.26624935242148,16.0,23.47,30.1,14.1,38.0,60.33,74.0,0.0,1017.2,10.67,0.6120000000000001
2005-08-04,21.19,9.61,9,94.54619948269615,63.54285343844806,15.7,23.07,30.8,15.1,39.0,61.33,75.0,0.0,1017.3,12.0,0.36
2005-08-05,21.75,8.850000000000001,12,93.0905004242924,57.90589130789287,15.5,23.5,30.6,15.1,38.0,59.67,72.0,0.0,1017.07,22.67,5.292
2007-09-07,23.26,6.539999999999999,8,97.9036970050575,65.14508808691446,17.5,23.2,29.8,12.3,56.0,78.33,91.0,0.0,1019.53,12.0,1.1880000000000002
2007-09-08,24.06,8.940000000000001,3,113.18263105042298,61.70492762114705,16.3,24.67,33.0,16.7,45.0,73.67,89.0,0.0,1017.47,15.0,2.052
2007-09-09,25.37,8.429999999999996,12,109.1924581650882,61.72166372301725,16.7,25.73,33.8,17.099999999999998,39.0,63.0,85.0,0.0,1016.73,4.67,3.132
2007-09-10,24.96,7.839999999999996,13,102.4286227581194,60.761228490571874,15.9,25.67,32.8,16.9,37.0,60.33,78.0,0.0,1015.13,4.67,2.16
2007-09-11,22.4,9.800000000000004,12,103.17532755731206,60.63695413041373,16.2,24.5,32.2,16.000000000000004,46.0,66.0,81.0,0.0,1015.2,13.67,3.132
2007-09-12,22.2,7.800000000000001,8,95.80575105835877,68.5840573826408,20.1,25.43,30.0,9.9,61.0,71.67,77.0,0.0,1016.0,10.67,4.428
2007-09-13,22.9,6.300000000000001,4,93.54921780371215,62.4535672140371,17.4,22.63,29.2,11.8,49.0,75.0,89.0,0.0,1016.13,13.67,4.680000000000001
2007-09-14,22.77,7.93,9,98.07988037334314,62.14363203545451,16.6,24.57,30.7,14.099999999999998,49.0,69.67,81.0,0.0,1013.37,22.67,2.268
2008-05-19,22.31,8.190000000000001,9,101.31203414728836,63.07346316546401,15.9,22.03,30.5,14.6,56.0,77.67,90.0,0.0,1013.57,10.67,0.6120000000000001
2008-05-20,22.7,8.600000000000001,3,100.95850499502755,65.3910139005043,18.6,25.4,31.3,12.7,57.0,69.67,76.0,0.0,1012.67,16.67,4.068
2008-05-21,22.7,5.600000000000001,5,90.1409809072232,70.62961725789089,20.0,24.67,28.3,8.3,67.0,76.67,83.0,0.0,1010.23,3.0,0.8280000000000001
2008-05-22,21.56,9.64,9,97.60745713609435,67.76485525538945,20.2,26.4,31.2,11.0,53.0,64.33,80.0,0.0,1011.47,28.67,8.532
2008-05-23,21.5,8.5,7,97.6581354799588,67.03036079162254,19.3,24.67,30.0,10.7,57.0,75.67,93.0,0.0,1012.83,15.0,3.852
2008-07-13,20.44,7.559999999999999,9,87.93241345679996,57.08342706430052,14.1,20.03,28.0,13.9,48.0,73.0,91.0,0.0,1019.0,24.33,2.052
2008-07-14,20.21,7.390000000000001,10,87.94189694404858,57.59806705967924,14.4,21.03,27.6,13.2,54.0,79.67,94.0,0.0,1020.63,18.33,2.16
2008-07-15,19.43,9.170000000000002,7,91.89075105539246,57.51860339822095,14.1,21.07,28.6,14.500000000000002,50.0,78.0,98.0,0.0,1022.97,7.67,1.692
2008-07-16,17.41,8.190000000000001,5,80.07303061255777,51.37636650834103,12.2,19.8,25.6,13.400000000000002,44.0,68.33,84.0,0.0,1020.63,21.33,3.852
2008-07-17,18.64,8.36,4,83.89083092366181,47.31296696928598,11.0,18.67,27.0,16.0,42.0,69.67,88.0,0.0,1014.77,16.67,6.012
2009-05-20,22.31,5.59,7,90.33273542410063,53.40547483368231,13.0,18.97,27.9,14.9,60.0,83.67,96.0,0.1,1019.93,6.33,3.492
2009-05-21,22.7,6.300000000000001,12,93.76325060320004,59.77830633449658,16.1,22.23,29.0,12.9,55.0,78.0,90.0,0.1,1017.83,24.33,4.212
2009-05-22,22.7,5.699999999999999,7,89.09649370784683,58.763972721335634,14.9,21.73,28.4,13.499999999999998,51.0,71.67,84.0,0.0,1017.93,10.67,2.052
2009-05-23,21.56,6.84,8,90.98439873011228,55.34498477734198,14.0,20.93,28.4,14.4,54.0,78.0,96.0,0.0,1017.77,13.67,3.852
2009-05-24,21.5,6.199999999999999,4,87.65604713111726,56.391600940000814,14.0,21.1,27.7,13.7,47.0,76.67,98.0,0.0,1016.97,15.33,2.52
2009-08-26,21.22,6.18,6,84.02223308085998,53.06135598018474,14.0,21.47,27.4,13.4,40.0,63.33,85.0,0.0,1021.53,26.0,8.892000000000001
2009-08-27,22.26,6.139999999999997,7,86.89301355869432,53.33683410202838,13.9,22.27,28.4,14.499999999999998,50.0,63.33,73.0,0.0,1019.87,22.67,7.452
2009-08-28,23.37,6.23,7,91.70986872130749,56.57102663984022,14.4,22.6,29.6,15.2,44.0,65.67,79.0,0.0,1020.37,16.67,3.3480000000000003
2009-08-29,23.77,7.830000000000002,10,96.5828902956162,57.35542403592606,15.3,24.13,31.6,16.3,39.0,59.0,74.0,0.0,1017.63,8.0,5.508
2009-08-30,22.6,9.399999999999999,11,97.32101570991034,58.96978678623007,15.5,24.63,32.0,16.5,37.0,57.33,73.0,0.0,1015.83,12.0,3.3480000000000003
2009-08-31,23.12,10.48,7,95.44366870825596,57.83722083554021,15.9,26.23,33.6,17.700000000000003,33.0,42.0,51.0,0.0,1013.63,15.33,7.920000000000001
2010-07-04,21.0,5.5,5,83.7185064628002,48.63412835226807,11.4,18.87,26.5,15.1,59.0,81.0,98.0,0.0,1019.23,13.67,5.292
2010-07-05,21.52,5.780000000000001,6,85.53160647862573,53.501463381335626,13.8,20.13,27.3,13.5,51.0,73.67,85.0,0.0,1017.33,21.33,6.48
2010-07-06,21.53,6.969999999999999,8,89.38184773712169,57.176312202226896,14.2,21.2,28.5,14.3,45.0,71.33,88.0,0.0,1015.83,4.67,2.16
2010-07-07,20.88,9.720000000000002,9,96.1667148138048,55.06321814328879,14.8,22.3,30.6,15.8,40.0,66.67,82.0,0.0,1011.8,13.67,8.532
2010-07-08,19.19,5.109999999999999,7,77.602086112732,43.56784462667365,10.6,19.9,24.3,13.7,53.0,66.0,83.0,0.0,1015.47,20.0,13.212
2012-02-14,29.97,6.030000000000001,8,118.97795719290085,68.64141844081647,20.5,28.93,36.0,15.5,38.0,60.33,79.0,0.0,1013.03,22.67,7.668
2012-02-15,30.48,6.120000000000001,12,119.39025945456734,74.10970099795938,23.2,30.27,36.6,13.400000000000002,45.0,57.33,71.0,0.0,1014.63,27.33,15.948
2012-02-16,30.88,6.02,3,120.41033390395827,80.70302652076029,25.8,31.43,36.9,11.099999999999998,44.0,56.67,67.0,0.0,1014.7,27.33,12.708
2012-02-17,31.38,5.620000000000001,12,122.75514672537632,77.58842273253386,24.4,30.9,37.0,12.6,49.0,58.33,68.0,0.0,1012.97,25.67,9.108
2012-02-18,31.41,6.09,12,124.25151625,76.19516487729464,24.1,31.5,37.5,13.4,41.0,57.0,69.0,0.0,1011.97,27.0,18.468
2012-02-19,31.41,7.59,9,129.70237376560007,76.5189848144404,24.2,32.9,39.0,14.8,40.0,54.0,65.0,0.0,1011.0,24.33,17.172
2012-06-27,20.66,6.84,12,87.22411135673437,53.87083383128461,13.5,19.67,27.5,14.0,50.0,78.33,96.0,0.0,1020.8,16.67,4.428
2012-06-28,20.86,7.440000000000001,9,89.65274750411207,51.37293502066319,13.4,20.87,28.3,14.9,49.0,75.0,98.0,0.0,1017.77,21.0,9.72
2012-06-29,20.07,10.43,5,96.51343830934825,58.696685167648695,16.4,22.6,30.5,14.1,43.0,68.33,85.0,0.0,1013.67,19.67,9.0
2012-06-30,20.05,7.849999999999998,8,86.92926117539305,63.16188665184198,17.8,23.4,27.9,10.099999999999998,57.0,70.33,93.0,4.7,1013.97,19.67,5.148
2012-07-01,20.9,9.400000000000002,11,96.55843880245904,63.00887070828931,18.6,23.5,30.3,11.7,40.0,70.33,86.0,0.0,1014.73,25.67,13.788
2012-07-02,21.03,10.07,3,94.0657503201166,58.89422914844162,16.6,24.57,31.1,14.5,43.0,57.67,74.0,0.0,1014.43,24.33,10.08
2012-07-03,21.0,5.100000000000001,11,82.01914953155806,56.3602858937134,15.2,20.47,26.1,10.900000000000002,58.0,78.33,96.0,0.0,1015.53,18.33,7.452
2012-07-04,21.52,8.080000000000002,8,96.7214871680322,53.58923543368548,14.3,20.73,29.6,15.3,42.0,78.0,98.0,0.0,1011.9,15.0,9.468
2012-08-14,22.7,5.699999999999999,8,90.5722989168918,53.12303153552048,13.9,19.67,28.4,14.499999999999998,51.0,76.67,92.0,0.0,1022.77,12.33,8.028
2012-08-15,23.64,8.059999999999999,5,101.54988905506362,58.36996124567643,15.9,22.67,31.7,15.8,44.0,67.33,87.0,0.0,1018.73,19.67,6.372
2012-08-16,24.24,5.560000000000002,9,92.60106405107204,60.905513922989655,16.8,23.67,29.8,13.0,49.0,66.0,81.0,0.0,1018.57,15.0,5.148
2012-08-17,22.42,8.779999999999998,14,98.4718656041922,62.68067412059296,18.0,25.3,31.2,13.2,47.0,66.0,79.0,0.0,1019.33,10.67,8.172
2012-08-18,23.01,7.189999999999998,6,92.95659916700824,62.3205601643601,17.6,24.5,30.2,12.599999999999998,50.0,63.0,75.0,0.0,1020.73,9.33,6.228
2012-08-19,19.9,7.700000000000003,12,84.9962503979103,64.50034840978847,18.7,24.4,27.6,8.900000000000002,59.0,65.67,77.0,0.0,1022.2,21.0,7.452
2012-08-20,20.22,10.780000000000001,8,96.59108682960004,61.85984034470502,17.5,23.6,31.0,13.5,40.0,64.0,82.0,0.0,1020.27,19.67,6.948
2012-08-21,21.7,5.5,11,84.44480980852185,65.78475402610917,19.6,23.53,27.2,7.599999999999998,58.0,69.33,82.0,0.3,1017.43,21.33,11.628
2012-08-22,22.68,11.219999999999999,3,109.97924907774642,62.27294079274767,17.6,25.9,33.9,16.299999999999997,35.0,63.33,83.0,0.0,1020.33,12.33,6.372
2012-08-23,23.48,10.52,2,100.703605627288,64.46399935203053,18.6,26.77,34.0,15.4,29.0,49.33,67.0,0.0,1018.83,15.33,6.732
2012-08-24,23.35,8.75,7,95.87786877556525,59.86826245043302,16.8,24.8,32.1,15.3,30.0,53.67,73.0,0.0,1017.7,28.67,8.172
2013-09-09,25.37,5.93,13,100.01563577618803,57.92798200608693,15.6,23.8,31.3,15.7,47.0,68.0,79.0,0.0,1020.87,11.0,5.760000000000001
2013-09-10,24.96,9.740000000000002,13,119.0048801442576,59.769186456330935,15.8,25.13,34.7,18.9,44.0,68.33,82.0,0.0,1019.2,9.33,3.132
2013-09-11,22.4,12.399999999999999,3,109.5584197848643,63.01598201866983,18.0,27.2,34.8,16.799999999999997,36.0,57.0,75.0,0.0,1016.43,25.67,6.948
2013-09-12,22.2,12.400000000000002,9,108.06048207245516,62.71783871833821,18.0,27.33,34.6,16.6,41.0,56.33,69.0,0.0,1011.13,27.33,8.028
2013-09-13,22.9,12.399999999999999,7,108.01640804780408,67.2912269867285,19.9,29.27,35.3,15.4,39.0,52.0,59.0,0.0,1010.73,17.0,7.452
2014-01-18,30.49,5.91,8,125.66903337061734,67.13456238636368,20.0,29.53,36.4,16.4,52.0,64.33,74.0,0.0,1013.77,27.33,9.36
2014-01-19,30.63,6.370000000000001,9,117.24889368879997,70.94391978353065,21.6,30.53,37.0,15.4,47.0,53.0,58.0,0.0,1011.57,27.33,9.252
2014-01-20,31.0,6.0,9,116.27864564640004,75.60262107749301,23.5,32.53,37.0,13.5,40.0,52.0,63.0,0.0,1010.7,24.33,7.920000000000001
2014-01-21,30.06,7.239999999999998,8,111.64667202986097,72.19777681876485,22.3,32.03,37.3,14.999999999999996,41.0,45.33,51.0,0.0,1008.43,25.67,12.6
2014-01-22,30.79,6.410000000000004,6,120.01353728714707,79.45352137217279,25.2,33.07,37.2,12.000000000000004,48.0,54.67,66.0,0.0,1009.13,24.33,9.468
2014-01-23,31.53,5.469999999999999,10,124.9667714514884,79.05016361984715,25.1,32.17,37.0,11.9,51.0,60.33,76.0,0.0,1009.5,26.0,11.88
2014-02-02,31.47,6.730000000000004,5,150.73943604604847,72.4939464867935,22.6,29.6,38.2,15.6,50.0,73.0,95.0,6.2,1009.87,24.33,17.532
2014-02-03,31.55,6.2499999999999964,10,132.9811070735082,73.44592098835643,22.6,32.73,37.8,15.199999999999996,50.0,62.67,75.0,0.0,1008.5,22.67,8.28
2014-02-04,32.07,5.729999999999997,11,125.27539959705835,79.39209317407588,25.2,31.93,37.8,12.599999999999998,46.0,56.33,63.0,0.2,1009.97,24.33,10.332
2014-02-05,31.86,8.04,8,145.05783935514145,78.90936898220599,24.9,32.97,39.9,15.0,42.0,60.67,80.0,0.0,1010.87,27.33,7.56
2014-02-06,31.37,9.23,10,139.87546228105597,82.75990995167447,26.6,34.67,40.6,14.0,41.0,54.0,61.0,0.0,1010.07,27.33,9.828
2014-02-07,31.66,8.139999999999997,20,156.73967527830266,83.86920753721748,27.1,32.87,39.8,12.699999999999996,43.0,68.33,82.0,0.0,1010.13,17.0,12.6
2015-05-18,21.65,5.150000000000002,2,84.99418920388683,57.68120014913444,15.6,21.4,26.8,11.2,61.0,81.67,95.0,0.2,1022.5,12.33,6.372
2015-05-19,21.88,5.420000000000002,11,86.88782817742052,61.439162064104046,17.1,22.03,27.3,10.2,61.0,80.67,91.0,0.0,1022.47,12.33,5.508
2015-05-20,22.31,5.890000000000001,11,90.89045668165134,61.18382420476381,16.7,22.2,28.2,11.5,57.0,80.67,98.0,0.0,1021.0,9.33,4.068
2015-05-21,22.7,5.900000000000002,13,92.0015722302684,62.290979387853405,17.2,22.77,28.6,11.400000000000002,54.0,78.33,91.0,0.0,1021.0,13.67,4.068
2015-05-22,22.7,6.600000000000001,4,92.9737712733626,62.42870250575862,17.5,23.57,29.3,11.8,57.0,72.33,81.0,0.0,1018.87,25.67,5.292
2015-05-23,21.56,8.14,6,94.87744239873142,65.22656817948402,18.9,24.37,29.7,10.8,54.0,72.67,84.0,0.0,1012.97,26.0,6.48
2015-08-06,23.12,8.279999999999998,9,104.07858915097614,61.181376785388416,17.3,22.43,31.4,14.099999999999998,38.0,74.0,96.0,0.0,1011.37,16.67,7.668
2015-08-07,23.02,10.580000000000002,9,100.7219114309761,73.28405867124923,22.6,27.53,33.6,11.0,34.0,52.0,64.0,0.0,1007.3,16.67,9.468
2015-08-08,21.16,14.040000000000003,7,109.913378569152,73.91725048353678,22.6,28.37,35.2,12.6,36.0,55.0,74.0,0.0,1011.4,18.33,5.508
2015-08-09,20.29,11.71,5,102.61288541430235,68.41887124042213,19.2,26.3,32.0,12.8,39.0,66.67,81.0,0.0,1014.37,1.67,1.332
2015-08-10,20.14,12.060000000000002,13,99.39696049202722,64.22172733728385,18.4,25.6,32.2,13.800000000000004,41.0,59.67,72.0,0.0,1014.5,12.33,6.012
2015-08-11,20.55,5.25,12,81.09502126404604,62.44378559701054,17.6,22.83,25.8,8.2,66.0,79.67,95.0,4.4,1019.4,18.33,5.867999999999999
2015-08-12,22.52,8.580000000000002,9,105.96875011076244,63.79706036750159,18.0,22.77,31.1,13.1,49.0,79.67,96.0,0.0,1021.1,15.33,4.680000000000001
2015-08-13,21.57,7.93,7,94.52072052789984,68.28299577059641,19.8,23.83,29.5,9.7,60.0,74.0,82.0,0.0,1016.1,9.33,3.492
2015-08-14,21.3,6.899999999999999,7,87.90552077107202,69.04983496114613,19.0,24.07,28.2,9.2,55.0,70.0,80.0,0.0,1017.77,12.0,0.6120000000000001
2016-07-01,20.9,6.300000000000001,13,86.92235936396825,50.901229930191526,11.8,17.53,27.2,15.4,59.0,83.0,97.0,0.0,1022.57,22.67,3.3480000000000003
2016-07-02,21.03,5.77,6,84.89343641987199,53.5428779887904,13.1,19.93,26.8,13.7,58.0,81.0,96.0,0.2,1021.0,15.33,3.6
2016-07-03,21.0,8.600000000000001,10,93.61612722280027,53.32691517036543,13.5,21.77,29.6,16.1,42.0,70.67,91.0,0.0,1019.3,21.33,5.4
2016-07-04,21.52,7.48,5,89.82977954144863,57.36863108077289,15.5,22.6,29.0,13.5,43.0,66.67,79.0,0.0,1017.2,17.0,6.588
2016-07-05,21.53,6.469999999999999,7,86.88593237278664,62.27920799332206,17.7,22.6,28.0,10.3,45.0,68.67,81.0,0.0,1015.13,9.33,7.092
2017-06-22,20.81,5.59,8,82.98236427258489,46.15715604460875,10.2,17.67,26.4,16.2,54.0,77.67,95.0,0.0,1020.1,12.33,4.932
2017-06-23,20.43,8.170000000000002,9,92.0015722302684,49.06714514484644,11.1,19.43,28.6,17.5,55.0,78.33,94.0,0.0,1021.53,21.33,3.708
2017-06-24,20.48,6.120000000000001,8,83.15310063976828,58.24346854530782,14.2,20.43,26.6,12.400000000000002,61.0,73.33,86.0,0.0,1021.9,7.67,1.332
2017-06-25,20.28,6.719999999999999,11,84.345738713374,55.0866806869383,14.3,20.63,27.0,12.7,47.0,72.67,86.0,0.1,1022.73,22.67,5.508
2017-06-26,18.28,5.52,4,76.30048731792735,49.41482231446888,11.8,18.93,23.8,12.0,53.0,72.33,89.0,0.0,1021.53,20.0,5.508
2017-06-27,20.04,7.859999999999999,12,87.39759106852793,50.77606832386152,12.4,19.6,27.9,15.499999999999998,47.0,72.33,87.0,0.0,1019.23,20.0,5.508
2017-06-28,20.66,7.239999999999998,11,87.31929763303644,57.06968028394071,15.1,21.2,27.9,12.8,51.0,72.0,84.0,0.0,1019.0,27.33,5.148
2017-06-29,20.86,5.740000000000002,9,83.80825556659336,58.09954369433499,15.8,20.23,26.6,10.8,56.0,78.67,90.0,0.0,1019.03,27.33,6.48
2017-07-24,21.09,9.809999999999999,4,96.49398000485246,51.4259086804206,12.8,21.43,30.9,18.1,39.0,64.67,79.0,0.0,1018.3,21.33,6.012
2017-07-25,20.22,6.98,8,84.61105300861243,59.44058040861896,16.4,22.27,27.2,10.8,60.0,70.33,77.0,0.0,1021.07,14.0,6.588
2017-07-27,19.75,5.149999999999999,9,78.02301876087955,56.67480103122973,15.0,19.47,24.9,9.9,66.0,85.67,98.0,0.1,1024.47,18.33,5.508
2017-07-28,19.73,6.469999999999999,10,82.07400092675206,51.89213527178585,13.1,19.43,26.2,13.1,47.0,75.0,94.0,0.2,1022.87,27.33,6.48
2017-07-29,19.91,7.489999999999998,11,84.07879432330398,53.89019487909407,13.9,20.97,27.4,13.499999999999998,39.0,63.67,76.0,0.0,1024.03,16.67,6.12
2017-07-30,19.94,8.059999999999999,8,86.35073249989085,55.33745574998252,14.1,21.57,28.0,13.9,51.0,66.33,81.0,0.0,1024.23,16.67,4.212
2017-07-31,21.14,6.259999999999998,9,85.88447292982563,55.42661725269786,14.1,21.2,27.4,13.3,53.0,73.67,87.0,0.0,1020.27,18.33,4.068
2017-08-01,21.94,6.059999999999999,4,87.85009302760281,56.050983038594005,14.6,21.2,28.0,13.4,48.0,72.67,91.0,0.0,1015.97,16.67,4.932
2018-05-27,21.42,6.18,10,88.01872906268831,51.19570227649259,12.3,19.43,27.6,15.3,55.0,80.0,97.0,0.0,1020.87,17.0,4.428
2018-05-28,21.27,8.43,8,95.4461839962042,55.57226584388316,14.3,22.0,29.7,15.4,46.0,74.0,93.0,0.0,1021.03,17.0,4.572
2018-05-29,21.27,6.530000000000001,5,86.36500950346756,51.22323287161146,13.2,21.4,27.8,14.6,40.0,69.33,87.0,0.0,1020.37,8.0,8.748000000000001
2018-05-30,20.6,7.399999999999999,5,85.83896804639986,55.14633774483607,14.4,21.9,28.0,13.6,44.0,64.0,82.0,0.0,1018.27,20.0,5.867999999999999
2018-05-31,19.71,5.189999999999998,7,78.42449668101797,57.57866414073238,14.7,20.23,24.9,10.2,68.0,75.67,83.0,0.0,1014.9,22.67,2.8800000000000003
2019-06-10,19.59,6.609999999999999,4,82.50290533187204,61.72534398609035,16.5,21.27,26.2,9.7,60.0,80.0,92.0,0.0,1019.0,12.33,2.52
2019-06-11,19.41,7.59,9,85.53237091120019,58.39049331076506,15.2,20.87,27.0,11.8,56.0,80.0,98.0,0.0,1018.63,22.67,3.24
2019-06-12,19.74,7.960000000000001,4,88.28807847740205,58.51935053917732,15.4,21.13,27.7,12.3,59.0,79.33,90.0,0.0,1016.43,18.33,3.708
2019-06-13,20.26,8.54,7,92.57886029804877,63.246493579674194,17.8,23.13,28.8,11.0,56.0,77.33,91.0,0.0,1016.07,21.33,4.932
2019-06-14,20.21,10.09,5,98.17203111188527,64.10802482674497,17.8,23.83,30.3,12.5,56.0,73.67,84.0,0.0,1016.53,13.67,3.132
2019-06-15,20.82,8.68,6,97.86559283223366,64.90706375671456,18.1,23.2,29.5,11.4,64.0,81.67,93.0,0.0,1017.53,20.0,2.8800000000000003
2019-06-16,20.26,9.34,8,98.09900438684797,62.75165210495511,17.1,23.1,29.6,12.5,61.0,81.0,97.0,0.0,1020.23,12.33,2.8800000000000003
2019-06-17,19.83,6.170000000000002,9,82.26633525760012,61.69647856537342,17.4,20.87,26.0,8.600000000000001,74.0,87.0,94.0,0.0,1021.93,10.67,6.732
2019-06-18,20.02,7.18,4,85.78044883350407,61.3973836751191,17.3,21.57,27.2,9.9,54.0,77.0,91.0,0.0,1016.37,20.0,6.948
2019-06-21,19.98,5.120000000000001,6,78.89566878538574,46.18550143782696,9.7,16.13,25.1,15.400000000000002,53.0,78.67,95.0,0.0,1024.27,20.0,3.492
2019-06-22,20.81,6.890000000000001,7,88.86349290669033,52.331297553350815,13.0,19.57,27.7,14.7,62.0,81.67,97.0,0.0,1022.6,23.0,5.148
2019-06-23,20.43,7.670000000000002,4,90.1360174404578,57.583745607831645,15.2,21.63,28.1,12.900000000000002,53.0,79.67,96.0,0.1,1018.4,21.33,4.572
2019-06-24,20.48,7.419999999999998,7,86.62601098705603,59.02310691630376,16.1,21.97,27.9,11.799999999999995,49.0,69.0,84.0,0.0,1012.13,22.67,5.867999999999999
2019-06-25,20.28,8.82,8,89.04548993051216,52.94627862460533,13.9,23.6,29.1,15.2,45.0,63.0,82.0,0.0,1003.47,25.67,8.532
2020-06-20,19.98,9.620000000000001,8,95.98148724575456,66.30015791827515,19.1,22.9,29.6,10.5,63.0,76.33,88.0,0.0,1013.13,15.33,4.572
2020-06-21,20.81,10.59,4,98.8367827814081,66.87641430178209,19.8,25.17,31.4,11.599999999999998,40.0,65.0,87.0,0.0,1011.97,24.0,8.28
2020-06-22,20.43,6.27,12,83.51358720370762,60.773971636487744,17.0,21.9,26.7,9.7,53.0,73.67,92.0,0.0,1016.63,18.33,6.732
2020-06-23,20.48,9.719999999999999,4,98.83501184803228,56.82543232320341,15.4,21.33,30.2,14.8,43.0,76.0,94.0,0.0,1012.4,16.67,7.452
2020-06-24,20.28,9.919999999999998,5,92.299220579513,58.07097610188168,16.0,23.93,30.2,14.2,38.0,61.33,75.0,0.0,1008.23,27.33,7.920000000000001
2020-06-25,18.28,6.82,3,78.88354857268865,43.78834508675049,9.1,20.5,25.1,16.0,57.0,79.33,93.0,22.6,1007.17,16.67,4.788
2020-07-18,19.64,10.559999999999999,7,101.63506235997995,55.30303135983302,13.6,20.57,30.2,16.6,55.0,81.33,95.0,0.0,1016.77,16.67,2.772
2020-07-19,21.22,9.780000000000001,4,101.92412163759992,61.35678846876012,17.0,23.9,31.0,14.0,44.0,74.0,91.0,0.0,1015.9,18.33,5.148
2020-07-20,20.5,7.899999999999999,6,89.86717867665169,60.50078549758873,16.6,22.67,28.4,11.799999999999995,56.0,74.33,87.0,0.0,1015.53,14.0,5.04
2020-07-21,21.47,7.530000000000001,9,91.13397485799254,59.03659410735929,16.0,22.33,29.0,13.0,47.0,70.67,84.0,0.0,1014.33,24.33,5.292
2020-07-22,19.84,10.16,7,95.50738935999988,59.21618893659479,16.1,22.77,30.0,13.9,46.0,71.0,85.0,0.0,1014.0,23.0,5.4
2020-07-23,21.09,8.809999999999999,10,93.52471169176592,59.24906377258485,16.3,23.23,29.9,13.599999999999998,41.0,67.33,81.0,0.0,1014.63,19.67,6.48
2020-07-24,20.22,8.880000000000003,2,90.08390977489006,56.32303775651064,14.6,23.03,29.1,14.500000000000002,48.0,66.33,78.0,0.0,1012.17,19.67,4.428
2022-01-19,30.63,6.970000000000002,7,142.3284104429456,73.20151244175293,22.2,30.0,37.6,15.400000000000002,44.0,70.67,90.0,0.0,1014.43,26.0,4.680000000000001
2022-01-20,31.0,5.5,9,125.94444431910004,77.39286404956943,24.0,31.43,36.5,12.5,55.0,64.0,69.0,0.0,1013.03,18.33,3.852
2022-01-21,30.06,5.739999999999998,4,125.8097523753281,76.92576029784112,23.9,30.8,35.8,11.9,56.0,68.0,77.0,0.0,1011.5,9.33,5.148
2022-01-22,30.79,8.71,7,146.172730000708,77.65527194885203,24.3,32.3,39.5,15.2,47.0,63.33,81.0,0.0,1009.1,24.0,6.372
2022-01-23,31.53,5.769999999999996,17,123.07122829326428,79.03952975661568,24.8,33.37,37.3,12.499999999999996,48.0,57.0,63.0,0.0,1007.93,27.0,4.572
